,0,1
0,2018-10-01 00:00:00,10
1,2018-10-01 00:05:00,10
2,2018-10-01 00:10:00,10
3,2018-10-01 00:15:00,10
4,2018-10-01 00:20:00,10
5,2018-10-01 00:25:00,0
6,2018-10-01 00:30:00,0
7,2018-10-01 00:35:00,0
8,2018-10-01 00:40:00,0
9,2018-10-01 00:45:00,0
10,2018-10-01 00:50:00,0
11,2018-10-01 00:55:00,0
12,2018-10-01 01:00:00,0
13,2018-10-01 01:05:00,0
14,2018-10-01 01:10:00,0
15,2018-10-01 01:15:00,0
16,2018-10-01 01:20:00,0
17,2018-10-01 01:25:00,0
18,2018-10-01 01:30:00,0
19,2018-10-01 01:35:00,18
20,2018-10-01 01:40:00,18
21,2018-10-01 01:45:00,18
22,2018-10-01 01:50:00,18
23,2018-10-01 01:55:00,18
24,2018-10-01 02:00:00,18
25,2018-10-01 02:05:00,18
26,2018-10-01 02:10:00,18
27,2018-10-01 02:15:00,18
28,2018-10-01 02:20:00,18
29,2018-10-01 02:25:00,7
30,2018-10-01 02:30:00,7
31,2018-10-01 02:35:00,7
32,2018-10-01 02:40:00,7
33,2018-10-01 02:45:00,7
34,2018-10-01 02:50:00,7
35,2018-10-01 02:55:00,7
36,2018-10-01 03:00:00,7
37,2018-10-01 03:05:00,7
38,2018-10-01 03:10:00,7
39,2018-10-01 03:15:00,7
40,2018-10-01 03:20:00,7
41,2018-10-01 03:25:00,7
42,2018-10-01 03:30:00,7
43,2018-10-01 03:35:00,7
44,2018-10-01 03:40:00,7
45,2018-10-01 03:45:00,7
46,2018-10-01 03:50:00,7
47,2018-10-01 03:55:00,7
48,2018-10-01 04:00:00,7
49,2018-10-01 04:05:00,7
50,2018-10-01 04:10:00,7
51,2018-10-01 04:15:00,7
52,2018-10-01 04:20:00,7
53,2018-10-01 04:25:00,7
54,2018-10-01 04:30:00,7
55,2018-10-01 04:35:00,7
56,2018-10-01 04:40:00,7
57,2018-10-01 04:45:00,7
58,2018-10-01 04:50:00,7
59,2018-10-01 04:55:00,7
60,2018-10-01 05:00:00,6
61,2018-10-01 05:05:00,6
62,2018-10-01 05:10:00,6
63,2018-10-01 05:15:00,6
64,2018-10-01 05:20:00,6
65,2018-10-01 05:25:00,6
66,2018-10-01 05:30:00,6
67,2018-10-01 05:35:00,6
68,2018-10-01 05:40:00,6
69,2018-10-01 05:45:00,6
70,2018-10-01 05:50:00,6
71,2018-10-01 05:55:00,6
72,2018-10-01 06:00:00,6
73,2018-10-01 06:05:00,6
74,2018-10-01 06:10:00,6
75,2018-10-01 06:15:00,6
76,2018-10-01 06:20:00,6
77,2018-10-01 06:25:00,6
78,2018-10-01 06:30:00,6
79,2018-10-01 06:35:00,6
80,2018-10-01 06:40:00,14
81,2018-10-01 06:45:00,14
82,2018-10-01 06:50:00,14
83,2018-10-01 06:55:00,14
84,2018-10-01 07:00:00,14
85,2018-10-01 07:05:00,14
86,2018-10-01 07:10:00,14
87,2018-10-01 07:15:00,14
88,2018-10-01 07:20:00,14
89,2018-10-01 07:25:00,14
90,2018-10-01 07:30:00,14
91,2018-10-01 07:35:00,14
92,2018-10-01 07:40:00,14
93,2018-10-01 07:45:00,14
94,2018-10-01 07:50:00,14
95,2018-10-01 07:55:00,14
96,2018-10-01 08:00:00,14
97,2018-10-01 08:05:00,14
98,2018-10-01 08:10:00,14
99,2018-10-01 08:15:00,14
100,2018-10-01 08:20:00,19
101,2018-10-01 08:25:00,19
102,2018-10-01 08:30:00,19
103,2018-10-01 08:35:00,19
104,2018-10-01 08:40:00,19
105,2018-10-01 08:45:00,19
106,2018-10-01 08:50:00,19
107,2018-10-01 08:55:00,19
108,2018-10-01 09:00:00,19
109,2018-10-01 09:05:00,19
110,2018-10-01 09:10:00,19
111,2018-10-01 09:15:00,19
112,2018-10-01 09:20:00,19
113,2018-10-01 09:25:00,19
114,2018-10-01 09:30:00,19
115,2018-10-01 09:35:00,19
116,2018-10-01 09:40:00,14
117,2018-10-01 09:45:00,14
118,2018-10-01 09:50:00,14
119,2018-10-01 09:55:00,14
120,2018-10-01 10:00:00,14
121,2018-10-01 10:05:00,14
122,2018-10-01 10:10:00,14
123,2018-10-01 10:15:00,19
124,2018-10-01 10:20:00,19
125,2018-10-01 10:25:00,19
126,2018-10-01 10:30:00,19
127,2018-10-01 10:35:00,19
128,2018-10-01 10:40:00,19
129,2018-10-01 10:45:00,19
130,2018-10-01 10:50:00,19
131,2018-10-01 10:55:00,19
132,2018-10-01 11:00:00,19
133,2018-10-01 11:05:00,19
134,2018-10-01 11:10:00,19
135,2018-10-01 11:15:00,19
136,2018-10-01 11:20:00,19
137,2018-10-01 11:25:00,19
138,2018-10-01 11:30:00,19
139,2018-10-01 11:35:00,19
140,2018-10-01 11:40:00,19
141,2018-10-01 11:45:00,19
142,2018-10-01 11:50:00,19
143,2018-10-01 11:55:00,14
144,2018-10-01 12:00:00,14
145,2018-10-01 12:05:00,14
146,2018-10-01 12:10:00,14
147,2018-10-01 12:15:00,14
148,2018-10-01 12:20:00,14
149,2018-10-01 12:25:00,14
150,2018-10-01 12:30:00,14
151,2018-10-01 12:35:00,14
152,2018-10-01 12:40:00,14
153,2018-10-01 12:45:00,14
154,2018-10-01 12:50:00,14
155,2018-10-01 12:55:00,14
156,2018-10-01 13:00:00,14
157,2018-10-01 13:05:00,6
158,2018-10-01 13:10:00,6
159,2018-10-01 13:15:00,6
160,2018-10-01 13:20:00,6
161,2018-10-01 13:25:00,6
162,2018-10-01 13:30:00,6
163,2018-10-01 13:35:00,6
164,2018-10-01 13:40:00,6
165,2018-10-01 13:45:00,7
166,2018-10-01 13:50:00,7
167,2018-10-01 13:55:00,7
168,2018-10-01 14:00:00,7
169,2018-10-01 14:05:00,7
170,2018-10-01 14:10:00,7
171,2018-10-01 14:15:00,18
172,2018-10-01 14:20:00,18
173,2018-10-01 14:25:00,18
174,2018-10-01 14:30:00,18
175,2018-10-01 14:35:00,0
176,2018-10-01 14:40:00,0
177,2018-10-01 14:45:00,0
178,2018-10-01 14:50:00,0
179,2018-10-01 14:55:00,0
180,2018-10-01 15:00:00,10
181,2018-10-01 15:05:00,10
182,2018-10-01 15:10:00,10
183,2018-10-01 15:15:00,10
184,2018-10-01 15:20:00,10
185,2018-10-01 15:25:00,10
186,2018-10-01 15:30:00,5
187,2018-10-01 15:35:00,5
188,2018-10-01 15:40:00,5
189,2018-10-01 15:45:00,5
190,2018-10-01 15:50:00,5
191,2018-10-01 15:55:00,5
192,2018-10-01 16:00:00,5
193,2018-10-01 16:05:00,5
194,2018-10-01 16:10:00,5
195,2018-10-01 16:15:00,5
196,2018-10-01 16:20:00,17
197,2018-10-01 16:25:00,5
198,2018-10-01 16:30:00,17
199,2018-10-01 16:35:00,17
200,2018-10-01 16:40:00,17
201,2018-10-01 16:45:00,17
202,2018-10-01 16:50:00,17
203,2018-10-01 16:55:00,17
204,2018-10-01 17:00:00,17
205,2018-10-01 17:05:00,17
206,2018-10-01 17:10:00,17
207,2018-10-01 17:15:00,17
208,2018-10-01 17:20:00,17
209,2018-10-01 17:25:00,12
210,2018-10-01 17:30:00,12
211,2018-10-01 17:35:00,12
212,2018-10-01 17:40:00,12
213,2018-10-01 17:45:00,12
214,2018-10-01 17:50:00,12
215,2018-10-01 17:55:00,12
216,2018-10-01 18:00:00,12
217,2018-10-01 18:05:00,12
218,2018-10-01 18:10:00,2
219,2018-10-01 18:15:00,12
220,2018-10-01 18:20:00,12
221,2018-10-01 18:25:00,12
222,2018-10-01 18:30:00,2
223,2018-10-01 18:35:00,2
224,2018-10-01 18:40:00,2
225,2018-10-01 18:45:00,2
226,2018-10-01 18:50:00,2
227,2018-10-01 18:55:00,8
228,2018-10-01 19:00:00,8
229,2018-10-01 19:05:00,2
230,2018-10-01 19:10:00,2
231,2018-10-01 19:15:00,8
232,2018-10-01 19:20:00,8
233,2018-10-01 19:25:00,2
234,2018-10-01 19:30:00,8
235,2018-10-01 19:35:00,8
236,2018-10-01 19:40:00,8
237,2018-10-01 19:45:00,8
238,2018-10-01 19:50:00,2
239,2018-10-01 19:55:00,8
240,2018-10-01 20:00:00,8
241,2018-10-01 20:05:00,8
242,2018-10-01 20:10:00,8
243,2018-10-01 20:15:00,8
244,2018-10-01 20:20:00,8
245,2018-10-01 20:25:00,8
246,2018-10-01 20:30:00,8
247,2018-10-01 20:35:00,8
248,2018-10-01 20:40:00,2
249,2018-10-01 20:45:00,8
250,2018-10-01 20:50:00,8
251,2018-10-01 20:55:00,8
252,2018-10-01 21:00:00,8
253,2018-10-01 21:05:00,2
254,2018-10-01 21:10:00,8
255,2018-10-01 21:15:00,2
256,2018-10-01 21:20:00,2
257,2018-10-01 21:25:00,2
258,2018-10-01 21:30:00,8
259,2018-10-01 21:35:00,8
260,2018-10-01 21:40:00,8
261,2018-10-01 21:45:00,8
262,2018-10-01 21:50:00,8
263,2018-10-01 21:55:00,2
264,2018-10-01 22:00:00,8
265,2018-10-01 22:05:00,8
266,2018-10-01 22:10:00,8
267,2018-10-01 22:15:00,8
268,2018-10-01 22:20:00,8
269,2018-10-01 22:25:00,8
270,2018-10-01 22:30:00,2
271,2018-10-01 22:35:00,2
272,2018-10-01 22:40:00,2
273,2018-10-01 22:45:00,2
274,2018-10-01 22:50:00,2
275,2018-10-01 22:55:00,2
276,2018-10-01 23:00:00,2
277,2018-10-01 23:05:00,2
278,2018-10-01 23:10:00,2
279,2018-10-01 23:15:00,2
280,2018-10-01 23:20:00,2
281,2018-10-01 23:25:00,2
282,2018-10-01 23:30:00,2
283,2018-10-01 23:35:00,2
284,2018-10-01 23:40:00,2
285,2018-10-01 23:45:00,12
286,2018-10-01 23:50:00,12
287,2018-10-01 23:55:00,12
288,2018-10-02 00:00:00,12
289,2018-10-02 00:05:00,12
290,2018-10-02 00:10:00,17
291,2018-10-02 00:15:00,17
292,2018-10-02 00:20:00,17
293,2018-10-02 00:25:00,17
294,2018-10-02 00:30:00,17
295,2018-10-02 00:35:00,5
296,2018-10-02 00:40:00,5
297,2018-10-02 00:45:00,5
298,2018-10-02 00:50:00,5
299,2018-10-02 00:55:00,5
300,2018-10-02 01:00:00,5
301,2018-10-02 01:05:00,10
302,2018-10-02 01:10:00,10
303,2018-10-02 01:15:00,10
304,2018-10-02 01:20:00,10
305,2018-10-02 01:25:00,10
306,2018-10-02 01:30:00,10
307,2018-10-02 01:35:00,10
308,2018-10-02 01:40:00,10
309,2018-10-02 01:45:00,10
310,2018-10-02 01:50:00,0
311,2018-10-02 01:55:00,0
312,2018-10-02 02:00:00,0
313,2018-10-02 02:05:00,0
314,2018-10-02 02:10:00,0
315,2018-10-02 02:15:00,0
316,2018-10-02 02:20:00,0
317,2018-10-02 02:25:00,0
318,2018-10-02 02:30:00,0
319,2018-10-02 02:35:00,0
320,2018-10-02 02:40:00,0
321,2018-10-02 02:45:00,0
322,2018-10-02 02:50:00,18
323,2018-10-02 02:55:00,18
324,2018-10-02 03:00:00,18
325,2018-10-02 03:05:00,18
326,2018-10-02 03:10:00,18
327,2018-10-02 03:15:00,18
328,2018-10-02 03:20:00,18
329,2018-10-02 03:25:00,18
330,2018-10-02 03:30:00,18
331,2018-10-02 03:35:00,18
332,2018-10-02 03:40:00,18
333,2018-10-02 03:45:00,7
334,2018-10-02 03:50:00,7
335,2018-10-02 03:55:00,7
336,2018-10-02 04:00:00,7
337,2018-10-02 04:05:00,7
338,2018-10-02 04:10:00,7
339,2018-10-02 04:15:00,7
340,2018-10-02 04:20:00,7
341,2018-10-02 04:25:00,7
342,2018-10-02 04:30:00,7
343,2018-10-02 04:35:00,7
344,2018-10-02 04:40:00,7
345,2018-10-02 04:45:00,7
346,2018-10-02 04:50:00,7
347,2018-10-02 04:55:00,7
348,2018-10-02 05:00:00,7
349,2018-10-02 05:05:00,7
350,2018-10-02 05:10:00,7
351,2018-10-02 05:15:00,7
352,2018-10-02 05:20:00,7
353,2018-10-02 05:25:00,7
354,2018-10-02 05:30:00,7
355,2018-10-02 05:35:00,6
356,2018-10-02 05:40:00,6
357,2018-10-02 05:45:00,6
358,2018-10-02 05:50:00,6
359,2018-10-02 05:55:00,6
360,2018-10-02 06:00:00,6
361,2018-10-02 06:05:00,6
362,2018-10-02 06:10:00,6
363,2018-10-02 06:15:00,6
364,2018-10-02 06:20:00,6
365,2018-10-02 06:25:00,6
366,2018-10-02 06:30:00,6
367,2018-10-02 06:35:00,6
368,2018-10-02 06:40:00,6
369,2018-10-02 06:45:00,6
370,2018-10-02 06:50:00,6
371,2018-10-02 06:55:00,6
372,2018-10-02 07:00:00,6
373,2018-10-02 07:05:00,6
374,2018-10-02 07:10:00,14
375,2018-10-02 07:15:00,14
376,2018-10-02 07:20:00,14
377,2018-10-02 07:25:00,14
378,2018-10-02 07:30:00,14
379,2018-10-02 07:35:00,14
380,2018-10-02 07:40:00,14
381,2018-10-02 07:45:00,14
382,2018-10-02 07:50:00,14
383,2018-10-02 07:55:00,14
384,2018-10-02 08:00:00,14
385,2018-10-02 08:05:00,14
386,2018-10-02 08:10:00,14
387,2018-10-02 08:15:00,14
388,2018-10-02 08:20:00,19
389,2018-10-02 08:25:00,14
390,2018-10-02 08:30:00,14
391,2018-10-02 08:35:00,14
392,2018-10-02 08:40:00,14
393,2018-10-02 08:45:00,14
394,2018-10-02 08:50:00,14
395,2018-10-02 08:55:00,14
396,2018-10-02 09:00:00,14
397,2018-10-02 09:05:00,14
398,2018-10-02 09:10:00,14
399,2018-10-02 09:15:00,14
400,2018-10-02 09:20:00,14
401,2018-10-02 09:25:00,14
402,2018-10-02 09:30:00,14
403,2018-10-02 09:35:00,14
404,2018-10-02 09:40:00,14
405,2018-10-02 09:45:00,14
406,2018-10-02 09:50:00,14
407,2018-10-02 09:55:00,14
408,2018-10-02 10:00:00,14
409,2018-10-02 10:05:00,14
410,2018-10-02 10:10:00,14
411,2018-10-02 10:15:00,14
412,2018-10-02 10:20:00,14
413,2018-10-02 10:25:00,14
414,2018-10-02 10:30:00,14
415,2018-10-02 10:35:00,14
416,2018-10-02 10:40:00,14
417,2018-10-02 10:45:00,14
418,2018-10-02 10:50:00,14
419,2018-10-02 10:55:00,14
420,2018-10-02 11:00:00,14
421,2018-10-02 11:05:00,14
422,2018-10-02 11:10:00,14
423,2018-10-02 11:15:00,14
424,2018-10-02 11:20:00,14
425,2018-10-02 11:25:00,14
426,2018-10-02 11:30:00,14
427,2018-10-02 11:35:00,14
428,2018-10-02 11:40:00,14
429,2018-10-02 11:45:00,14
430,2018-10-02 11:50:00,14
431,2018-10-02 11:55:00,19
432,2018-10-02 12:00:00,19
433,2018-10-02 12:05:00,19
434,2018-10-02 12:10:00,19
435,2018-10-02 12:15:00,19
436,2018-10-02 12:20:00,19
437,2018-10-02 12:25:00,4
438,2018-10-02 12:30:00,19
439,2018-10-02 12:35:00,19
440,2018-10-02 12:40:00,19
441,2018-10-02 12:45:00,19
442,2018-10-02 12:50:00,19
443,2018-10-02 12:55:00,19
444,2018-10-02 13:00:00,19
445,2018-10-02 13:05:00,14
446,2018-10-02 13:10:00,14
447,2018-10-02 13:15:00,14
448,2018-10-02 13:20:00,14
449,2018-10-02 13:25:00,14
450,2018-10-02 13:30:00,14
451,2018-10-02 13:35:00,6
452,2018-10-02 13:40:00,6
453,2018-10-02 13:45:00,6
454,2018-10-02 13:50:00,6
455,2018-10-02 13:55:00,7
456,2018-10-02 14:00:00,7
457,2018-10-02 14:05:00,7
458,2018-10-02 14:10:00,7
459,2018-10-02 14:15:00,18
460,2018-10-02 14:20:00,18
461,2018-10-02 14:25:00,18
462,2018-10-02 14:30:00,0
463,2018-10-02 14:35:00,0
464,2018-10-02 14:40:00,0
465,2018-10-02 14:45:00,0
466,2018-10-02 14:50:00,10
467,2018-10-02 14:55:00,10
468,2018-10-02 15:00:00,10
469,2018-10-02 15:05:00,10
470,2018-10-02 15:10:00,10
471,2018-10-02 15:15:00,5
472,2018-10-02 15:20:00,5
473,2018-10-02 15:25:00,5
474,2018-10-02 15:30:00,10
475,2018-10-02 15:35:00,5
476,2018-10-02 15:40:00,5
477,2018-10-02 15:45:00,5
478,2018-10-02 15:50:00,5
479,2018-10-02 15:55:00,5
480,2018-10-02 16:00:00,17
481,2018-10-02 16:05:00,17
482,2018-10-02 16:10:00,17
483,2018-10-02 16:15:00,17
484,2018-10-02 16:20:00,17
485,2018-10-02 16:25:00,17
486,2018-10-02 16:30:00,12
487,2018-10-02 16:35:00,12
488,2018-10-02 16:40:00,17
489,2018-10-02 16:45:00,12
490,2018-10-02 16:50:00,12
491,2018-10-02 16:55:00,12
492,2018-10-02 17:00:00,12
493,2018-10-02 17:05:00,12
494,2018-10-02 17:10:00,12
495,2018-10-02 17:15:00,12
496,2018-10-02 17:20:00,12
497,2018-10-02 17:25:00,12
498,2018-10-02 17:30:00,2
499,2018-10-02 17:35:00,12
500,2018-10-02 17:40:00,12
501,2018-10-02 17:45:00,12
502,2018-10-02 17:50:00,2
503,2018-10-02 17:55:00,12
504,2018-10-02 18:00:00,2
505,2018-10-02 18:05:00,2
506,2018-10-02 18:10:00,2
507,2018-10-02 18:15:00,2
508,2018-10-02 18:20:00,2
509,2018-10-02 18:25:00,2
510,2018-10-02 18:30:00,8
511,2018-10-02 18:35:00,2
512,2018-10-02 18:40:00,12
513,2018-10-02 18:45:00,2
514,2018-10-02 18:50:00,2
515,2018-10-02 18:55:00,2
516,2018-10-02 19:00:00,2
517,2018-10-02 19:05:00,12
518,2018-10-02 19:10:00,2
519,2018-10-02 19:15:00,2
520,2018-10-02 19:20:00,2
521,2018-10-02 19:25:00,8
522,2018-10-02 19:30:00,8
523,2018-10-02 19:35:00,2
524,2018-10-02 19:40:00,8
525,2018-10-02 19:45:00,8
526,2018-10-02 19:50:00,2
527,2018-10-02 19:55:00,8
528,2018-10-02 20:00:00,8
529,2018-10-02 20:05:00,8
530,2018-10-02 20:10:00,8
531,2018-10-02 20:15:00,2
532,2018-10-02 20:20:00,2
533,2018-10-02 20:25:00,2
534,2018-10-02 20:30:00,8
535,2018-10-02 20:35:00,8
536,2018-10-02 20:40:00,2
537,2018-10-02 20:45:00,8
538,2018-10-02 20:50:00,8
539,2018-10-02 20:55:00,8
540,2018-10-02 21:00:00,8
541,2018-10-02 21:05:00,8
542,2018-10-02 21:10:00,8
543,2018-10-02 21:15:00,8
544,2018-10-02 21:20:00,8
545,2018-10-02 21:25:00,8
546,2018-10-02 21:30:00,8
547,2018-10-02 21:35:00,8
548,2018-10-02 21:40:00,8
549,2018-10-02 21:45:00,8
550,2018-10-02 21:50:00,8
551,2018-10-02 21:55:00,8
552,2018-10-02 22:00:00,8
553,2018-10-02 22:05:00,8
554,2018-10-02 22:10:00,8
555,2018-10-02 22:15:00,8
556,2018-10-02 22:20:00,8
557,2018-10-02 22:25:00,2
558,2018-10-02 22:30:00,2
559,2018-10-02 22:35:00,2
560,2018-10-02 22:40:00,2
561,2018-10-02 22:45:00,2
562,2018-10-02 22:50:00,2
563,2018-10-02 22:55:00,2
564,2018-10-02 23:00:00,2
565,2018-10-02 23:05:00,2
566,2018-10-02 23:10:00,12
567,2018-10-02 23:15:00,12
568,2018-10-02 23:20:00,12
569,2018-10-02 23:25:00,12
570,2018-10-02 23:30:00,12
571,2018-10-02 23:35:00,12
572,2018-10-02 23:40:00,12
573,2018-10-02 23:45:00,12
574,2018-10-02 23:50:00,12
575,2018-10-02 23:55:00,17
576,2018-10-03 00:00:00,17
577,2018-10-03 00:05:00,17
578,2018-10-03 00:10:00,17
579,2018-10-03 00:15:00,17
580,2018-10-03 00:20:00,17
581,2018-10-03 00:25:00,17
582,2018-10-03 00:30:00,5
583,2018-10-03 00:35:00,5
584,2018-10-03 00:40:00,5
585,2018-10-03 00:45:00,5
586,2018-10-03 00:50:00,5
587,2018-10-03 00:55:00,5
588,2018-10-03 01:00:00,5
589,2018-10-03 01:05:00,10
590,2018-10-03 01:10:00,10
591,2018-10-03 01:15:00,10
592,2018-10-03 01:20:00,10
593,2018-10-03 01:25:00,10
594,2018-10-03 01:30:00,10
595,2018-10-03 01:35:00,10
596,2018-10-03 01:40:00,10
597,2018-10-03 01:45:00,10
598,2018-10-03 01:50:00,10
599,2018-10-03 01:55:00,10
600,2018-10-03 02:00:00,0
601,2018-10-03 02:05:00,0
602,2018-10-03 02:10:00,0
603,2018-10-03 02:15:00,0
604,2018-10-03 02:20:00,0
605,2018-10-03 02:25:00,0
606,2018-10-03 02:30:00,0
607,2018-10-03 02:35:00,0
608,2018-10-03 02:40:00,0
609,2018-10-03 02:45:00,0
610,2018-10-03 02:50:00,0
611,2018-10-03 02:55:00,0
612,2018-10-03 03:00:00,18
613,2018-10-03 03:05:00,18
614,2018-10-03 03:10:00,18
615,2018-10-03 03:15:00,18
616,2018-10-03 03:20:00,18
617,2018-10-03 03:25:00,18
618,2018-10-03 03:30:00,18
619,2018-10-03 03:35:00,18
620,2018-10-03 03:40:00,18
621,2018-10-03 03:45:00,18
622,2018-10-03 03:50:00,18
623,2018-10-03 03:55:00,18
624,2018-10-03 04:00:00,18
625,2018-10-03 04:05:00,18
626,2018-10-03 04:10:00,18
627,2018-10-03 04:15:00,18
628,2018-10-03 04:20:00,18
629,2018-10-03 04:25:00,18
630,2018-10-03 04:30:00,7
631,2018-10-03 04:35:00,7
632,2018-10-03 04:40:00,18
633,2018-10-03 04:45:00,7
634,2018-10-03 04:50:00,7
635,2018-10-03 04:55:00,7
636,2018-10-03 05:00:00,7
637,2018-10-03 05:05:00,7
638,2018-10-03 05:10:00,7
639,2018-10-03 05:15:00,7
640,2018-10-03 05:20:00,7
641,2018-10-03 05:25:00,7
642,2018-10-03 05:30:00,7
643,2018-10-03 05:35:00,7
644,2018-10-03 05:40:00,7
645,2018-10-03 05:45:00,7
646,2018-10-03 05:50:00,7
647,2018-10-03 05:55:00,7
648,2018-10-03 06:00:00,7
649,2018-10-03 06:05:00,7
650,2018-10-03 06:10:00,7
651,2018-10-03 06:15:00,7
652,2018-10-03 06:20:00,7
653,2018-10-03 06:25:00,7
654,2018-10-03 06:30:00,7
655,2018-10-03 06:35:00,7
656,2018-10-03 06:40:00,7
657,2018-10-03 06:45:00,7
658,2018-10-03 06:50:00,7
659,2018-10-03 06:55:00,7
660,2018-10-03 07:00:00,7
661,2018-10-03 07:05:00,7
662,2018-10-03 07:10:00,7
663,2018-10-03 07:15:00,7
664,2018-10-03 07:20:00,7
665,2018-10-03 07:25:00,7
666,2018-10-03 07:30:00,7
667,2018-10-03 07:35:00,7
668,2018-10-03 07:40:00,7
669,2018-10-03 07:45:00,7
670,2018-10-03 07:50:00,7
671,2018-10-03 07:55:00,7
672,2018-10-03 08:00:00,7
673,2018-10-03 08:05:00,7
674,2018-10-03 08:10:00,7
675,2018-10-03 08:15:00,7
676,2018-10-03 08:20:00,7
677,2018-10-03 08:25:00,7
678,2018-10-03 08:30:00,7
679,2018-10-03 08:35:00,18
680,2018-10-03 08:40:00,18
681,2018-10-03 08:45:00,18
682,2018-10-03 08:50:00,18
683,2018-10-03 08:55:00,18
684,2018-10-03 09:00:00,18
685,2018-10-03 09:05:00,18
686,2018-10-03 09:10:00,7
687,2018-10-03 09:15:00,7
688,2018-10-03 09:20:00,7
689,2018-10-03 09:25:00,7
690,2018-10-03 09:30:00,7
691,2018-10-03 09:35:00,7
692,2018-10-03 09:40:00,7
693,2018-10-03 09:45:00,7
694,2018-10-03 09:50:00,7
695,2018-10-03 09:55:00,7
696,2018-10-03 10:00:00,7
697,2018-10-03 10:05:00,7
698,2018-10-03 10:10:00,7
699,2018-10-03 10:15:00,7
700,2018-10-03 10:20:00,7
701,2018-10-03 10:25:00,7
702,2018-10-03 10:30:00,7
703,2018-10-03 10:35:00,7
704,2018-10-03 10:40:00,7
705,2018-10-03 10:45:00,7
706,2018-10-03 10:50:00,7
707,2018-10-03 10:55:00,7
708,2018-10-03 11:00:00,7
709,2018-10-03 11:05:00,7
710,2018-10-03 11:10:00,7
711,2018-10-03 11:15:00,7
712,2018-10-03 11:20:00,7
713,2018-10-03 11:25:00,7
714,2018-10-03 11:30:00,7
715,2018-10-03 11:35:00,7
716,2018-10-03 11:40:00,7
717,2018-10-03 11:45:00,7
718,2018-10-03 11:50:00,7
719,2018-10-03 11:55:00,7
720,2018-10-03 12:00:00,7
721,2018-10-03 12:05:00,7
722,2018-10-03 12:10:00,7
723,2018-10-03 12:15:00,7
724,2018-10-03 12:20:00,7
725,2018-10-03 12:25:00,7
726,2018-10-03 12:30:00,7
727,2018-10-03 12:35:00,7
728,2018-10-03 12:40:00,7
729,2018-10-03 12:45:00,7
730,2018-10-03 12:50:00,7
731,2018-10-03 12:55:00,7
732,2018-10-03 13:00:00,7
733,2018-10-03 13:05:00,7
734,2018-10-03 13:10:00,7
735,2018-10-03 13:15:00,7
736,2018-10-03 13:20:00,18
737,2018-10-03 13:25:00,18
738,2018-10-03 13:30:00,18
739,2018-10-03 13:35:00,18
740,2018-10-03 13:40:00,18
741,2018-10-03 13:45:00,18
742,2018-10-03 13:50:00,18
743,2018-10-03 13:55:00,0
744,2018-10-03 14:00:00,0
745,2018-10-03 14:05:00,0
746,2018-10-03 14:10:00,0
747,2018-10-03 14:15:00,0
748,2018-10-03 14:20:00,10
749,2018-10-03 14:25:00,10
750,2018-10-03 14:30:00,10
751,2018-10-03 14:35:00,10
752,2018-10-03 14:40:00,10
753,2018-10-03 14:45:00,10
754,2018-10-03 14:50:00,5
755,2018-10-03 14:55:00,5
756,2018-10-03 15:00:00,5
757,2018-10-03 15:05:00,10
758,2018-10-03 15:10:00,5
759,2018-10-03 15:15:00,5
760,2018-10-03 15:20:00,5
761,2018-10-03 15:25:00,5
762,2018-10-03 15:30:00,5
763,2018-10-03 15:35:00,17
764,2018-10-03 15:40:00,17
765,2018-10-03 15:45:00,17
766,2018-10-03 15:50:00,17
767,2018-10-03 15:55:00,17
768,2018-10-03 16:00:00,12
769,2018-10-03 16:05:00,12
770,2018-10-03 16:10:00,12
771,2018-10-03 16:15:00,12
772,2018-10-03 16:20:00,12
773,2018-10-03 16:25:00,12
774,2018-10-03 16:30:00,12
775,2018-10-03 16:35:00,12
776,2018-10-03 16:40:00,12
777,2018-10-03 16:45:00,12
778,2018-10-03 16:50:00,2
779,2018-10-03 16:55:00,12
780,2018-10-03 17:00:00,2
781,2018-10-03 17:05:00,2
782,2018-10-03 17:10:00,2
783,2018-10-03 17:15:00,12
784,2018-10-03 17:20:00,2
785,2018-10-03 17:25:00,2
786,2018-10-03 17:30:00,2
787,2018-10-03 17:35:00,2
788,2018-10-03 17:40:00,2
789,2018-10-03 17:45:00,2
790,2018-10-03 17:50:00,2
791,2018-10-03 17:55:00,2
792,2018-10-03 18:00:00,2
793,2018-10-03 18:05:00,2
794,2018-10-03 18:10:00,2
795,2018-10-03 18:15:00,8
796,2018-10-03 18:20:00,2
797,2018-10-03 18:25:00,8
798,2018-10-03 18:30:00,8
799,2018-10-03 18:35:00,8
800,2018-10-03 18:40:00,8
801,2018-10-03 18:45:00,8
802,2018-10-03 18:50:00,8
803,2018-10-03 18:55:00,8
804,2018-10-03 19:00:00,8
805,2018-10-03 19:05:00,8
806,2018-10-03 19:10:00,8
807,2018-10-03 19:15:00,8
808,2018-10-03 19:20:00,8
809,2018-10-03 19:25:00,8
810,2018-10-03 19:30:00,8
811,2018-10-03 19:35:00,8
812,2018-10-03 19:40:00,8
813,2018-10-03 19:45:00,8
814,2018-10-03 19:50:00,8
815,2018-10-03 19:55:00,8
816,2018-10-03 20:00:00,8
817,2018-10-03 20:05:00,8
818,2018-10-03 20:10:00,8
819,2018-10-03 20:15:00,8
820,2018-10-03 20:20:00,8
821,2018-10-03 20:25:00,8
822,2018-10-03 20:30:00,8
823,2018-10-03 20:35:00,8
824,2018-10-03 20:40:00,8
825,2018-10-03 20:45:00,8
826,2018-10-03 20:50:00,8
827,2018-10-03 20:55:00,8
828,2018-10-03 21:00:00,8
829,2018-10-03 21:05:00,8
830,2018-10-03 21:10:00,8
831,2018-10-03 21:15:00,8
832,2018-10-03 21:20:00,8
833,2018-10-03 21:25:00,8
834,2018-10-03 21:30:00,8
835,2018-10-03 21:35:00,8
836,2018-10-03 21:40:00,8
837,2018-10-03 21:45:00,8
838,2018-10-03 21:50:00,8
839,2018-10-03 21:55:00,8
840,2018-10-03 22:00:00,8
841,2018-10-03 22:05:00,8
842,2018-10-03 22:10:00,8
843,2018-10-03 22:15:00,8
844,2018-10-03 22:20:00,8
845,2018-10-03 22:25:00,8
846,2018-10-03 22:30:00,8
847,2018-10-03 22:35:00,8
848,2018-10-03 22:40:00,8
849,2018-10-03 22:45:00,8
850,2018-10-03 22:50:00,8
851,2018-10-03 22:55:00,8
852,2018-10-03 23:00:00,2
853,2018-10-03 23:05:00,2
854,2018-10-03 23:10:00,2
855,2018-10-03 23:15:00,2
856,2018-10-03 23:20:00,2
857,2018-10-03 23:25:00,2
858,2018-10-03 23:30:00,2
859,2018-10-03 23:35:00,2
860,2018-10-03 23:40:00,2
861,2018-10-03 23:45:00,2
862,2018-10-03 23:50:00,2
863,2018-10-03 23:55:00,12
864,2018-10-04 00:00:00,12
865,2018-10-04 00:05:00,12
866,2018-10-04 00:10:00,12
867,2018-10-04 00:15:00,12
868,2018-10-04 00:20:00,12
869,2018-10-04 00:25:00,12
870,2018-10-04 00:30:00,12
871,2018-10-04 00:35:00,12
872,2018-10-04 00:40:00,12
873,2018-10-04 00:45:00,12
874,2018-10-04 00:50:00,12
875,2018-10-04 00:55:00,12
876,2018-10-04 01:00:00,12
877,2018-10-04 01:05:00,12
878,2018-10-04 01:10:00,17
879,2018-10-04 01:15:00,17
880,2018-10-04 01:20:00,17
881,2018-10-04 01:25:00,17
882,2018-10-04 01:30:00,17
883,2018-10-04 01:35:00,17
884,2018-10-04 01:40:00,17
885,2018-10-04 01:45:00,17
886,2018-10-04 01:50:00,17
887,2018-10-04 01:55:00,5
888,2018-10-04 02:00:00,5
889,2018-10-04 02:05:00,5
890,2018-10-04 02:10:00,5
891,2018-10-04 02:15:00,5
892,2018-10-04 02:20:00,5
893,2018-10-04 02:25:00,5
894,2018-10-04 02:30:00,5
895,2018-10-04 02:35:00,5
896,2018-10-04 02:40:00,5
897,2018-10-04 02:45:00,5
898,2018-10-04 02:50:00,5
899,2018-10-04 02:55:00,5
900,2018-10-04 03:00:00,10
901,2018-10-04 03:05:00,10
902,2018-10-04 03:10:00,10
903,2018-10-04 03:15:00,10
904,2018-10-04 03:20:00,10
905,2018-10-04 03:25:00,10
906,2018-10-04 03:30:00,10
907,2018-10-04 03:35:00,10
908,2018-10-04 03:40:00,10
909,2018-10-04 03:45:00,10
910,2018-10-04 03:50:00,10
911,2018-10-04 03:55:00,10
912,2018-10-04 04:00:00,10
913,2018-10-04 04:05:00,10
914,2018-10-04 04:10:00,10
915,2018-10-04 04:15:00,10
916,2018-10-04 04:20:00,10
917,2018-10-04 04:25:00,10
918,2018-10-04 04:30:00,10
919,2018-10-04 04:35:00,10
920,2018-10-04 04:40:00,10
921,2018-10-04 04:45:00,10
922,2018-10-04 04:50:00,10
923,2018-10-04 04:55:00,10
924,2018-10-04 05:00:00,10
925,2018-10-04 05:05:00,10
926,2018-10-04 05:10:00,10
927,2018-10-04 05:15:00,10
928,2018-10-04 05:20:00,10
929,2018-10-04 05:25:00,10
930,2018-10-04 05:30:00,10
931,2018-10-04 05:35:00,10
932,2018-10-04 05:40:00,10
933,2018-10-04 05:45:00,10
934,2018-10-04 05:50:00,10
935,2018-10-04 05:55:00,10
936,2018-10-04 06:00:00,10
937,2018-10-04 06:05:00,10
938,2018-10-04 06:10:00,5
939,2018-10-04 06:15:00,5
940,2018-10-04 06:20:00,5
941,2018-10-04 06:25:00,5
942,2018-10-04 06:30:00,5
943,2018-10-04 06:35:00,5
944,2018-10-04 06:40:00,10
945,2018-10-04 06:45:00,10
946,2018-10-04 06:50:00,5
947,2018-10-04 06:55:00,10
948,2018-10-04 07:00:00,10
949,2018-10-04 07:05:00,10
950,2018-10-04 07:10:00,10
951,2018-10-04 07:15:00,10
952,2018-10-04 07:20:00,10
953,2018-10-04 07:25:00,10
954,2018-10-04 07:30:00,0
955,2018-10-04 07:35:00,0
956,2018-10-04 07:40:00,18
957,2018-10-04 07:45:00,7
958,2018-10-04 07:50:00,7
959,2018-10-04 07:55:00,7
960,2018-10-04 08:00:00,6
961,2018-10-04 08:05:00,6
962,2018-10-04 08:10:00,6
963,2018-10-04 08:15:00,6
964,2018-10-04 08:20:00,6
965,2018-10-04 08:25:00,14
966,2018-10-04 08:30:00,14
967,2018-10-04 08:35:00,14
968,2018-10-04 08:40:00,14
969,2018-10-04 08:45:00,14
970,2018-10-04 08:50:00,14
971,2018-10-04 08:55:00,14
972,2018-10-04 09:00:00,14
973,2018-10-04 09:05:00,14
974,2018-10-04 09:10:00,14
975,2018-10-04 09:15:00,14
976,2018-10-04 09:20:00,14
977,2018-10-04 09:25:00,14
978,2018-10-04 09:30:00,14
979,2018-10-04 09:35:00,14
980,2018-10-04 09:40:00,14
981,2018-10-04 09:45:00,14
982,2018-10-04 09:50:00,14
983,2018-10-04 09:55:00,19
984,2018-10-04 10:00:00,19
985,2018-10-04 10:05:00,19
986,2018-10-04 10:10:00,19
987,2018-10-04 10:15:00,19
988,2018-10-04 10:20:00,19
989,2018-10-04 10:25:00,19
990,2018-10-04 10:30:00,19
991,2018-10-04 10:35:00,19
992,2018-10-04 10:40:00,19
993,2018-10-04 10:45:00,19
994,2018-10-04 10:50:00,19
995,2018-10-04 10:55:00,19
996,2018-10-04 11:00:00,19
997,2018-10-04 11:05:00,19
998,2018-10-04 11:10:00,19
999,2018-10-04 11:15:00,19
1000,2018-10-04 11:20:00,19
1001,2018-10-04 11:25:00,19
1002,2018-10-04 11:30:00,19
1003,2018-10-04 11:35:00,19
1004,2018-10-04 11:40:00,19
1005,2018-10-04 11:45:00,19
1006,2018-10-04 11:50:00,19
1007,2018-10-04 11:55:00,19
1008,2018-10-04 12:00:00,19
1009,2018-10-04 12:05:00,14
1010,2018-10-04 12:10:00,14
1011,2018-10-04 12:15:00,14
1012,2018-10-04 12:20:00,14
1013,2018-10-04 12:25:00,14
1014,2018-10-04 12:30:00,14
1015,2018-10-04 12:35:00,14
1016,2018-10-04 12:40:00,14
1017,2018-10-04 12:45:00,19
1018,2018-10-04 12:50:00,19
1019,2018-10-04 12:55:00,14
1020,2018-10-04 13:00:00,14
1021,2018-10-04 13:05:00,14
1022,2018-10-04 13:10:00,14
1023,2018-10-04 13:15:00,14
1024,2018-10-04 13:20:00,14
1025,2018-10-04 13:25:00,14
1026,2018-10-04 13:30:00,14
1027,2018-10-04 13:35:00,14
1028,2018-10-04 13:40:00,14
1029,2018-10-04 13:45:00,14
1030,2018-10-04 13:50:00,14
1031,2018-10-04 13:55:00,14
1032,2018-10-04 14:00:00,14
1033,2018-10-04 14:05:00,14
1034,2018-10-04 14:10:00,14
1035,2018-10-04 14:15:00,1
1036,2018-10-04 14:20:00,1
1037,2018-10-04 14:25:00,1
1038,2018-10-04 14:30:00,1
1039,2018-10-04 14:35:00,1
1040,2018-10-04 14:40:00,1
1041,2018-10-04 14:45:00,1
1042,2018-10-04 14:50:00,1
1043,2018-10-04 14:55:00,1
1044,2018-10-04 15:00:00,1
1045,2018-10-04 15:05:00,1
1046,2018-10-04 15:10:00,1
1047,2018-10-04 15:15:00,16
1048,2018-10-04 15:20:00,16
1049,2018-10-04 15:25:00,16
1050,2018-10-04 15:30:00,16
1051,2018-10-04 15:35:00,16
1052,2018-10-04 15:40:00,16
1053,2018-10-04 15:45:00,16
1054,2018-10-04 15:50:00,3
1055,2018-10-04 15:55:00,3
1056,2018-10-04 16:00:00,16
1057,2018-10-04 16:05:00,3
1058,2018-10-04 16:10:00,16
1059,2018-10-04 16:15:00,16
1060,2018-10-04 16:20:00,16
1061,2018-10-04 16:25:00,16
1062,2018-10-04 16:30:00,3
1063,2018-10-04 16:35:00,16
1064,2018-10-04 16:40:00,16
1065,2018-10-04 16:45:00,16
1066,2018-10-04 16:50:00,16
1067,2018-10-04 16:55:00,16
1068,2018-10-04 17:00:00,16
1069,2018-10-04 17:05:00,16
1070,2018-10-04 17:10:00,16
1071,2018-10-04 17:15:00,16
1072,2018-10-04 17:20:00,16
1073,2018-10-04 17:25:00,16
1074,2018-10-04 17:30:00,16
1075,2018-10-04 17:35:00,16
1076,2018-10-04 17:40:00,16
1077,2018-10-04 17:45:00,16
1078,2018-10-04 17:50:00,16
1079,2018-10-04 17:55:00,16
1080,2018-10-04 18:00:00,16
1081,2018-10-04 18:05:00,16
1082,2018-10-04 18:10:00,16
1083,2018-10-04 18:15:00,16
1084,2018-10-04 18:20:00,16
1085,2018-10-04 18:25:00,16
1086,2018-10-04 18:30:00,16
1087,2018-10-04 18:35:00,16
1088,2018-10-04 18:40:00,16
1089,2018-10-04 18:45:00,16
1090,2018-10-04 18:50:00,16
1091,2018-10-04 18:55:00,16
1092,2018-10-04 19:00:00,16
1093,2018-10-04 19:05:00,16
1094,2018-10-04 19:10:00,16
1095,2018-10-04 19:15:00,16
1096,2018-10-04 19:20:00,16
1097,2018-10-04 19:25:00,16
1098,2018-10-04 19:30:00,16
1099,2018-10-04 19:35:00,16
1100,2018-10-04 19:40:00,16
1101,2018-10-04 19:45:00,16
1102,2018-10-04 19:50:00,16
1103,2018-10-04 19:55:00,16
1104,2018-10-04 20:00:00,16
1105,2018-10-04 20:05:00,3
1106,2018-10-04 20:10:00,16
1107,2018-10-04 20:15:00,3
1108,2018-10-04 20:20:00,3
1109,2018-10-04 20:25:00,3
1110,2018-10-04 20:30:00,3
1111,2018-10-04 20:35:00,3
1112,2018-10-04 20:40:00,3
1113,2018-10-04 20:45:00,3
1114,2018-10-04 20:50:00,3
1115,2018-10-04 20:55:00,3
1116,2018-10-04 21:00:00,3
1117,2018-10-04 21:05:00,3
1118,2018-10-04 21:10:00,3
1119,2018-10-04 21:15:00,3
1120,2018-10-04 21:20:00,3
1121,2018-10-04 21:25:00,3
1122,2018-10-04 21:30:00,3
1123,2018-10-04 21:35:00,3
1124,2018-10-04 21:40:00,3
1125,2018-10-04 21:45:00,3
1126,2018-10-04 21:50:00,3
1127,2018-10-04 21:55:00,3
1128,2018-10-04 22:00:00,3
1129,2018-10-04 22:05:00,3
1130,2018-10-04 22:10:00,3
1131,2018-10-04 22:15:00,3
1132,2018-10-04 22:20:00,3
1133,2018-10-04 22:25:00,3
1134,2018-10-04 22:30:00,3
1135,2018-10-04 22:35:00,3
1136,2018-10-04 22:40:00,3
1137,2018-10-04 22:45:00,3
1138,2018-10-04 22:50:00,3
1139,2018-10-04 22:55:00,3
1140,2018-10-04 23:00:00,3
1141,2018-10-04 23:05:00,3
1142,2018-10-04 23:10:00,3
1143,2018-10-04 23:15:00,3
1144,2018-10-04 23:20:00,3
1145,2018-10-04 23:25:00,3
1146,2018-10-04 23:30:00,3
1147,2018-10-04 23:35:00,3
1148,2018-10-04 23:40:00,16
1149,2018-10-04 23:45:00,16
1150,2018-10-04 23:50:00,16
1151,2018-10-04 23:55:00,16
1152,2018-10-05 00:00:00,16
1153,2018-10-05 00:05:00,16
1154,2018-10-05 00:10:00,16
1155,2018-10-05 00:15:00,16
1156,2018-10-05 00:20:00,16
1157,2018-10-05 00:25:00,16
1158,2018-10-05 00:30:00,16
1159,2018-10-05 00:35:00,16
1160,2018-10-05 00:40:00,16
1161,2018-10-05 00:45:00,16
1162,2018-10-05 00:50:00,16
1163,2018-10-05 00:55:00,16
1164,2018-10-05 01:00:00,16
1165,2018-10-05 01:05:00,16
1166,2018-10-05 01:10:00,16
1167,2018-10-05 01:15:00,1
1168,2018-10-05 01:20:00,1
1169,2018-10-05 01:25:00,1
1170,2018-10-05 01:30:00,1
1171,2018-10-05 01:35:00,1
1172,2018-10-05 01:40:00,1
1173,2018-10-05 01:45:00,1
1174,2018-10-05 01:50:00,1
1175,2018-10-05 01:55:00,1
1176,2018-10-05 02:00:00,1
1177,2018-10-05 02:05:00,9
1178,2018-10-05 02:10:00,9
1179,2018-10-05 02:15:00,9
1180,2018-10-05 02:20:00,9
1181,2018-10-05 02:25:00,9
1182,2018-10-05 02:30:00,9
1183,2018-10-05 02:35:00,9
1184,2018-10-05 02:40:00,9
1185,2018-10-05 02:45:00,9
1186,2018-10-05 02:50:00,9
1187,2018-10-05 02:55:00,9
1188,2018-10-05 03:00:00,9
1189,2018-10-05 03:05:00,9
1190,2018-10-05 03:10:00,9
1191,2018-10-05 03:15:00,9
1192,2018-10-05 03:20:00,9
1193,2018-10-05 03:25:00,9
1194,2018-10-05 03:30:00,9
1195,2018-10-05 03:35:00,9
1196,2018-10-05 03:40:00,9
1197,2018-10-05 03:45:00,9
1198,2018-10-05 03:50:00,9
1199,2018-10-05 03:55:00,9
1200,2018-10-05 04:00:00,9
1201,2018-10-05 04:05:00,9
1202,2018-10-05 04:10:00,9
1203,2018-10-05 04:15:00,9
1204,2018-10-05 04:20:00,9
1205,2018-10-05 04:25:00,9
1206,2018-10-05 04:30:00,9
1207,2018-10-05 04:35:00,9
1208,2018-10-05 04:40:00,9
1209,2018-10-05 04:45:00,9
1210,2018-10-05 04:50:00,9
1211,2018-10-05 04:55:00,9
1212,2018-10-05 05:00:00,9
1213,2018-10-05 05:05:00,9
1214,2018-10-05 05:10:00,9
1215,2018-10-05 05:15:00,9
1216,2018-10-05 05:20:00,9
1217,2018-10-05 05:25:00,9
1218,2018-10-05 05:30:00,9
1219,2018-10-05 05:35:00,9
1220,2018-10-05 05:40:00,9
1221,2018-10-05 05:45:00,9
1222,2018-10-05 05:50:00,9
1223,2018-10-05 05:55:00,9
1224,2018-10-05 06:00:00,9
1225,2018-10-05 06:05:00,9
1226,2018-10-05 06:10:00,9
1227,2018-10-05 06:15:00,9
1228,2018-10-05 06:20:00,9
1229,2018-10-05 06:25:00,9
1230,2018-10-05 06:30:00,9
1231,2018-10-05 06:35:00,9
1232,2018-10-05 06:40:00,9
1233,2018-10-05 06:45:00,9
1234,2018-10-05 06:50:00,9
1235,2018-10-05 06:55:00,9
1236,2018-10-05 07:00:00,9
1237,2018-10-05 07:05:00,9
1238,2018-10-05 07:10:00,9
1239,2018-10-05 07:15:00,9
1240,2018-10-05 07:20:00,9
1241,2018-10-05 07:25:00,9
1242,2018-10-05 07:30:00,9
1243,2018-10-05 07:35:00,9
1244,2018-10-05 07:40:00,9
1245,2018-10-05 07:45:00,9
1246,2018-10-05 07:50:00,9
1247,2018-10-05 07:55:00,9
1248,2018-10-05 08:00:00,9
1249,2018-10-05 08:05:00,9
1250,2018-10-05 08:10:00,9
1251,2018-10-05 08:15:00,9
1252,2018-10-05 08:20:00,9
1253,2018-10-05 08:25:00,9
1254,2018-10-05 08:30:00,9
1255,2018-10-05 08:35:00,9
1256,2018-10-05 08:40:00,9
1257,2018-10-05 08:45:00,9
1258,2018-10-05 08:50:00,9
1259,2018-10-05 08:55:00,9
1260,2018-10-05 09:00:00,9
1261,2018-10-05 09:05:00,9
1262,2018-10-05 09:10:00,9
1263,2018-10-05 09:15:00,9
1264,2018-10-05 09:20:00,9
1265,2018-10-05 09:25:00,9
1266,2018-10-05 09:30:00,9
1267,2018-10-05 09:35:00,9
1268,2018-10-05 09:40:00,9
1269,2018-10-05 09:45:00,9
1270,2018-10-05 09:50:00,9
1271,2018-10-05 09:55:00,9
1272,2018-10-05 10:00:00,9
1273,2018-10-05 10:05:00,9
1274,2018-10-05 10:10:00,9
1275,2018-10-05 10:15:00,9
1276,2018-10-05 10:20:00,9
1277,2018-10-05 10:25:00,9
1278,2018-10-05 10:30:00,9
1279,2018-10-05 10:35:00,9
1280,2018-10-05 10:40:00,9
1281,2018-10-05 10:45:00,9
1282,2018-10-05 10:50:00,9
1283,2018-10-05 10:55:00,9
1284,2018-10-05 11:00:00,9
1285,2018-10-05 11:05:00,9
1286,2018-10-05 11:10:00,9
1287,2018-10-05 11:15:00,9
1288,2018-10-05 11:20:00,9
1289,2018-10-05 11:25:00,9
1290,2018-10-05 11:30:00,9
1291,2018-10-05 11:35:00,9
1292,2018-10-05 11:40:00,9
1293,2018-10-05 11:45:00,9
1294,2018-10-05 11:50:00,9
1295,2018-10-05 11:55:00,9
1296,2018-10-05 12:00:00,9
1297,2018-10-05 12:05:00,9
1298,2018-10-05 12:10:00,9
1299,2018-10-05 12:15:00,9
1300,2018-10-05 12:20:00,9
1301,2018-10-05 12:25:00,9
1302,2018-10-05 12:30:00,9
1303,2018-10-05 12:35:00,9
1304,2018-10-05 12:40:00,9
1305,2018-10-05 12:45:00,9
1306,2018-10-05 12:50:00,9
1307,2018-10-05 12:55:00,9
1308,2018-10-05 13:00:00,9
1309,2018-10-05 13:05:00,9
1310,2018-10-05 13:10:00,9
1311,2018-10-05 13:15:00,9
1312,2018-10-05 13:20:00,9
1313,2018-10-05 13:25:00,9
1314,2018-10-05 13:30:00,9
1315,2018-10-05 13:35:00,9
1316,2018-10-05 13:40:00,9
1317,2018-10-05 13:45:00,9
1318,2018-10-05 13:50:00,9
1319,2018-10-05 13:55:00,9
1320,2018-10-05 14:00:00,9
1321,2018-10-05 14:05:00,9
1322,2018-10-05 14:10:00,9
1323,2018-10-05 14:15:00,9
1324,2018-10-05 14:20:00,9
1325,2018-10-05 14:25:00,9
1326,2018-10-05 14:30:00,9
1327,2018-10-05 14:35:00,9
1328,2018-10-05 14:40:00,9
1329,2018-10-05 14:45:00,4
1330,2018-10-05 14:50:00,4
1331,2018-10-05 14:55:00,4
1332,2018-10-05 15:00:00,4
1333,2018-10-05 15:05:00,4
1334,2018-10-05 15:10:00,4
1335,2018-10-05 15:15:00,4
1336,2018-10-05 15:20:00,4
1337,2018-10-05 15:25:00,4
1338,2018-10-05 15:30:00,4
1339,2018-10-05 15:35:00,4
1340,2018-10-05 15:40:00,19
1341,2018-10-05 15:45:00,14
1342,2018-10-05 15:50:00,6
1343,2018-10-05 15:55:00,7
1344,2018-10-05 16:00:00,7
1345,2018-10-05 16:05:00,7
1346,2018-10-05 16:10:00,18
1347,2018-10-05 16:15:00,18
1348,2018-10-05 16:20:00,0
1349,2018-10-05 16:25:00,10
1350,2018-10-05 16:30:00,10
1351,2018-10-05 16:35:00,10
1352,2018-10-05 16:40:00,5
1353,2018-10-05 16:45:00,5
1354,2018-10-05 16:50:00,5
1355,2018-10-05 16:55:00,5
1356,2018-10-05 17:00:00,17
1357,2018-10-05 17:05:00,17
1358,2018-10-05 17:10:00,17
1359,2018-10-05 17:15:00,17
1360,2018-10-05 17:20:00,17
1361,2018-10-05 17:25:00,12
1362,2018-10-05 17:30:00,12
1363,2018-10-05 17:35:00,12
1364,2018-10-05 17:40:00,12
1365,2018-10-05 17:45:00,12
1366,2018-10-05 17:50:00,12
1367,2018-10-05 17:55:00,12
1368,2018-10-05 18:00:00,12
1369,2018-10-05 18:05:00,12
1370,2018-10-05 18:10:00,12
1371,2018-10-05 18:15:00,2
1372,2018-10-05 18:20:00,2
1373,2018-10-05 18:25:00,2
1374,2018-10-05 18:30:00,2
1375,2018-10-05 18:35:00,8
1376,2018-10-05 18:40:00,8
1377,2018-10-05 18:45:00,8
1378,2018-10-05 18:50:00,8
1379,2018-10-05 18:55:00,8
1380,2018-10-05 19:00:00,8
1381,2018-10-05 19:05:00,8
1382,2018-10-05 19:10:00,8
1383,2018-10-05 19:15:00,8
1384,2018-10-05 19:20:00,8
1385,2018-10-05 19:25:00,8
1386,2018-10-05 19:30:00,8
1387,2018-10-05 19:35:00,8
1388,2018-10-05 19:40:00,8
1389,2018-10-05 19:45:00,8
1390,2018-10-05 19:50:00,8
1391,2018-10-05 19:55:00,8
1392,2018-10-05 20:00:00,8
1393,2018-10-05 20:05:00,8
1394,2018-10-05 20:10:00,8
1395,2018-10-05 20:15:00,8
1396,2018-10-05 20:20:00,8
1397,2018-10-05 20:25:00,8
1398,2018-10-05 20:30:00,8
1399,2018-10-05 20:35:00,8
1400,2018-10-05 20:40:00,8
1401,2018-10-05 20:45:00,8
1402,2018-10-05 20:50:00,8
1403,2018-10-05 20:55:00,8
1404,2018-10-05 21:00:00,8
1405,2018-10-05 21:05:00,8
1406,2018-10-05 21:10:00,8
1407,2018-10-05 21:15:00,8
1408,2018-10-05 21:20:00,8
1409,2018-10-05 21:25:00,8
1410,2018-10-05 21:30:00,8
1411,2018-10-05 21:35:00,8
1412,2018-10-05 21:40:00,8
1413,2018-10-05 21:45:00,8
1414,2018-10-05 21:50:00,8
1415,2018-10-05 21:55:00,8
1416,2018-10-05 22:00:00,8
1417,2018-10-05 22:05:00,2
1418,2018-10-05 22:10:00,8
1419,2018-10-05 22:15:00,8
1420,2018-10-05 22:20:00,2
1421,2018-10-05 22:25:00,2
1422,2018-10-05 22:30:00,8
1423,2018-10-05 22:35:00,2
1424,2018-10-05 22:40:00,2
1425,2018-10-05 22:45:00,2
1426,2018-10-05 22:50:00,2
1427,2018-10-05 22:55:00,2
1428,2018-10-05 23:00:00,2
1429,2018-10-05 23:05:00,2
1430,2018-10-05 23:10:00,2
1431,2018-10-05 23:15:00,2
1432,2018-10-05 23:20:00,2
1433,2018-10-05 23:25:00,2
1434,2018-10-05 23:30:00,12
1435,2018-10-05 23:35:00,12
1436,2018-10-05 23:40:00,12
1437,2018-10-05 23:45:00,12
1438,2018-10-05 23:50:00,12
1439,2018-10-05 23:55:00,17
1440,2018-10-06 00:00:00,17
1441,2018-10-06 00:05:00,17
1442,2018-10-06 00:10:00,17
1443,2018-10-06 00:15:00,17
1444,2018-10-06 00:20:00,5
1445,2018-10-06 00:25:00,5
1446,2018-10-06 00:30:00,5
1447,2018-10-06 00:35:00,5
1448,2018-10-06 00:40:00,5
1449,2018-10-06 00:45:00,5
1450,2018-10-06 00:50:00,5
1451,2018-10-06 00:55:00,5
1452,2018-10-06 01:00:00,5
1453,2018-10-06 01:05:00,5
1454,2018-10-06 01:10:00,5
1455,2018-10-06 01:15:00,10
1456,2018-10-06 01:20:00,10
1457,2018-10-06 01:25:00,10
1458,2018-10-06 01:30:00,10
1459,2018-10-06 01:35:00,10
1460,2018-10-06 01:40:00,10
1461,2018-10-06 01:45:00,10
1462,2018-10-06 01:50:00,10
1463,2018-10-06 01:55:00,0
1464,2018-10-06 02:00:00,0
1465,2018-10-06 02:05:00,10
1466,2018-10-06 02:10:00,10
1467,2018-10-06 02:15:00,0
1468,2018-10-06 02:20:00,0
1469,2018-10-06 02:25:00,0
1470,2018-10-06 02:30:00,0
1471,2018-10-06 02:35:00,0
1472,2018-10-06 02:40:00,0
1473,2018-10-06 02:45:00,0
1474,2018-10-06 02:50:00,0
1475,2018-10-06 02:55:00,0
1476,2018-10-06 03:00:00,0
1477,2018-10-06 03:05:00,0
1478,2018-10-06 03:10:00,0
1479,2018-10-06 03:15:00,0
1480,2018-10-06 03:20:00,0
1481,2018-10-06 03:25:00,0
1482,2018-10-06 03:30:00,0
1483,2018-10-06 03:35:00,0
1484,2018-10-06 03:40:00,0
1485,2018-10-06 03:45:00,0
1486,2018-10-06 03:50:00,0
1487,2018-10-06 03:55:00,0
1488,2018-10-06 04:00:00,0
1489,2018-10-06 04:05:00,0
1490,2018-10-06 04:10:00,0
1491,2018-10-06 04:15:00,0
1492,2018-10-06 04:20:00,0
1493,2018-10-06 04:25:00,0
1494,2018-10-06 04:30:00,0
1495,2018-10-06 04:35:00,0
1496,2018-10-06 04:40:00,0
1497,2018-10-06 04:45:00,0
1498,2018-10-06 04:50:00,0
1499,2018-10-06 04:55:00,0
1500,2018-10-06 05:00:00,0
1501,2018-10-06 05:05:00,0
1502,2018-10-06 05:10:00,0
1503,2018-10-06 05:15:00,0
1504,2018-10-06 05:20:00,0
1505,2018-10-06 05:25:00,18
1506,2018-10-06 05:30:00,18
1507,2018-10-06 05:35:00,18
1508,2018-10-06 05:40:00,18
1509,2018-10-06 05:45:00,18
1510,2018-10-06 05:50:00,18
1511,2018-10-06 05:55:00,18
1512,2018-10-06 06:00:00,18
1513,2018-10-06 06:05:00,18
1514,2018-10-06 06:10:00,18
1515,2018-10-06 06:15:00,18
1516,2018-10-06 06:20:00,18
1517,2018-10-06 06:25:00,18
1518,2018-10-06 06:30:00,18
1519,2018-10-06 06:35:00,18
1520,2018-10-06 06:40:00,18
1521,2018-10-06 06:45:00,18
1522,2018-10-06 06:50:00,18
1523,2018-10-06 06:55:00,18
1524,2018-10-06 07:00:00,18
1525,2018-10-06 07:05:00,18
1526,2018-10-06 07:10:00,18
1527,2018-10-06 07:15:00,18
1528,2018-10-06 07:20:00,18
1529,2018-10-06 07:25:00,18
1530,2018-10-06 07:30:00,18
1531,2018-10-06 07:35:00,18
1532,2018-10-06 07:40:00,18
1533,2018-10-06 07:45:00,18
1534,2018-10-06 07:50:00,0
1535,2018-10-06 07:55:00,0
1536,2018-10-06 08:00:00,0
1537,2018-10-06 08:05:00,0
1538,2018-10-06 08:10:00,0
1539,2018-10-06 08:15:00,0
1540,2018-10-06 08:20:00,0
1541,2018-10-06 08:25:00,0
1542,2018-10-06 08:30:00,0
1543,2018-10-06 08:35:00,0
1544,2018-10-06 08:40:00,0
1545,2018-10-06 08:45:00,0
1546,2018-10-06 08:50:00,0
1547,2018-10-06 08:55:00,0
1548,2018-10-06 09:00:00,0
1549,2018-10-06 09:05:00,0
1550,2018-10-06 09:10:00,0
1551,2018-10-06 09:15:00,0
1552,2018-10-06 09:20:00,0
1553,2018-10-06 09:25:00,0
1554,2018-10-06 09:30:00,0
1555,2018-10-06 09:35:00,0
1556,2018-10-06 09:40:00,0
1557,2018-10-06 09:45:00,0
1558,2018-10-06 09:50:00,0
1559,2018-10-06 09:55:00,0
1560,2018-10-06 10:00:00,0
1561,2018-10-06 10:05:00,0
1562,2018-10-06 10:10:00,0
1563,2018-10-06 10:15:00,18
1564,2018-10-06 10:20:00,18
1565,2018-10-06 10:25:00,7
1566,2018-10-06 10:30:00,3
1567,2018-10-06 10:35:00,3
1568,2018-10-06 10:40:00,3
1569,2018-10-06 10:45:00,3
1570,2018-10-06 10:50:00,3
1571,2018-10-06 10:55:00,16
1572,2018-10-06 11:00:00,16
1573,2018-10-06 11:05:00,16
1574,2018-10-06 11:10:00,3
1575,2018-10-06 11:15:00,3
1576,2018-10-06 11:20:00,3
1577,2018-10-06 11:25:00,16
1578,2018-10-06 11:30:00,16
1579,2018-10-06 11:35:00,3
1580,2018-10-06 11:40:00,3
1581,2018-10-06 11:45:00,3
1582,2018-10-06 11:50:00,3
1583,2018-10-06 11:55:00,3
1584,2018-10-06 12:00:00,3
1585,2018-10-06 12:05:00,3
1586,2018-10-06 12:10:00,3
1587,2018-10-06 12:15:00,3
1588,2018-10-06 12:20:00,3
1589,2018-10-06 12:25:00,3
1590,2018-10-06 12:30:00,3
1591,2018-10-06 12:35:00,15
1592,2018-10-06 12:40:00,15
1593,2018-10-06 12:45:00,15
1594,2018-10-06 12:50:00,15
1595,2018-10-06 12:55:00,15
1596,2018-10-06 13:00:00,15
1597,2018-10-06 13:05:00,15
1598,2018-10-06 13:10:00,15
1599,2018-10-06 13:15:00,15
1600,2018-10-06 13:20:00,15
1601,2018-10-06 13:25:00,15
1602,2018-10-06 13:30:00,15
1603,2018-10-06 13:35:00,15
1604,2018-10-06 13:40:00,15
1605,2018-10-06 13:45:00,15
1606,2018-10-06 13:50:00,15
1607,2018-10-06 13:55:00,15
1608,2018-10-06 14:00:00,15
1609,2018-10-06 14:05:00,15
1610,2018-10-06 14:10:00,15
1611,2018-10-06 14:15:00,15
1612,2018-10-06 14:20:00,15
1613,2018-10-06 14:25:00,15
1614,2018-10-06 14:30:00,15
1615,2018-10-06 14:35:00,15
1616,2018-10-06 14:40:00,15
1617,2018-10-06 14:45:00,15
1618,2018-10-06 14:50:00,15
1619,2018-10-06 14:55:00,15
1620,2018-10-06 15:00:00,15
1621,2018-10-06 15:05:00,15
1622,2018-10-06 15:10:00,15
1623,2018-10-06 15:15:00,15
1624,2018-10-06 15:20:00,15
1625,2018-10-06 15:25:00,15
1626,2018-10-06 15:30:00,15
1627,2018-10-06 15:35:00,15
1628,2018-10-06 15:40:00,15
1629,2018-10-06 15:45:00,13
1630,2018-10-06 15:50:00,13
1631,2018-10-06 15:55:00,13
1632,2018-10-06 16:00:00,13
1633,2018-10-06 16:05:00,13
1634,2018-10-06 16:10:00,13
1635,2018-10-06 16:15:00,13
1636,2018-10-06 16:20:00,13
1637,2018-10-06 16:25:00,13
1638,2018-10-06 16:30:00,13
1639,2018-10-06 16:35:00,13
1640,2018-10-06 16:40:00,13
1641,2018-10-06 16:45:00,13
1642,2018-10-06 16:50:00,13
1643,2018-10-06 16:55:00,13
1644,2018-10-06 17:00:00,13
1645,2018-10-06 17:05:00,13
1646,2018-10-06 17:10:00,13
1647,2018-10-06 17:15:00,13
1648,2018-10-06 17:20:00,13
1649,2018-10-06 17:25:00,13
1650,2018-10-06 17:30:00,13
1651,2018-10-06 17:35:00,13
1652,2018-10-06 17:40:00,13
1653,2018-10-06 17:45:00,13
1654,2018-10-06 17:50:00,13
1655,2018-10-06 17:55:00,13
1656,2018-10-06 18:00:00,13
1657,2018-10-06 18:05:00,13
1658,2018-10-06 18:10:00,15
1659,2018-10-06 18:15:00,15
1660,2018-10-06 18:20:00,15
1661,2018-10-06 18:25:00,15
1662,2018-10-06 18:30:00,15
1663,2018-10-06 18:35:00,15
1664,2018-10-06 18:40:00,15
1665,2018-10-06 18:45:00,15
1666,2018-10-06 18:50:00,11
1667,2018-10-06 18:55:00,11
1668,2018-10-06 19:00:00,11
1669,2018-10-06 19:05:00,11
1670,2018-10-06 19:10:00,11
1671,2018-10-06 19:15:00,11
1672,2018-10-06 19:20:00,11
1673,2018-10-06 19:25:00,11
1674,2018-10-06 19:30:00,11
1675,2018-10-06 19:35:00,11
1676,2018-10-06 19:40:00,11
1677,2018-10-06 19:45:00,15
1678,2018-10-06 19:50:00,15
1679,2018-10-06 19:55:00,15
1680,2018-10-06 20:00:00,15
1681,2018-10-06 20:05:00,15
1682,2018-10-06 20:10:00,15
1683,2018-10-06 20:15:00,15
1684,2018-10-06 20:20:00,15
1685,2018-10-06 20:25:00,15
1686,2018-10-06 20:30:00,15
1687,2018-10-06 20:35:00,15
1688,2018-10-06 20:40:00,15
1689,2018-10-06 20:45:00,15
1690,2018-10-06 20:50:00,15
1691,2018-10-06 20:55:00,15
1692,2018-10-06 21:00:00,15
1693,2018-10-06 21:05:00,15
1694,2018-10-06 21:10:00,15
1695,2018-10-06 21:15:00,15
1696,2018-10-06 21:20:00,15
1697,2018-10-06 21:25:00,15
1698,2018-10-06 21:30:00,15
1699,2018-10-06 21:35:00,15
1700,2018-10-06 21:40:00,15
1701,2018-10-06 21:45:00,15
1702,2018-10-06 21:50:00,15
1703,2018-10-06 21:55:00,15
1704,2018-10-06 22:00:00,15
1705,2018-10-06 22:05:00,15
1706,2018-10-06 22:10:00,15
1707,2018-10-06 22:15:00,15
1708,2018-10-06 22:20:00,15
1709,2018-10-06 22:25:00,15
1710,2018-10-06 22:30:00,15
1711,2018-10-06 22:35:00,15
1712,2018-10-06 22:40:00,15
1713,2018-10-06 22:45:00,11
1714,2018-10-06 22:50:00,11
1715,2018-10-06 22:55:00,11
1716,2018-10-06 23:00:00,11
1717,2018-10-06 23:05:00,11
1718,2018-10-06 23:10:00,11
1719,2018-10-06 23:15:00,11
1720,2018-10-06 23:20:00,11
1721,2018-10-06 23:25:00,11
1722,2018-10-06 23:30:00,11
1723,2018-10-06 23:35:00,11
1724,2018-10-06 23:40:00,11
1725,2018-10-06 23:45:00,11
1726,2018-10-06 23:50:00,11
1727,2018-10-06 23:55:00,11
1728,2018-10-07 00:00:00,11
1729,2018-10-07 00:05:00,11
1730,2018-10-07 00:10:00,11
1731,2018-10-07 00:15:00,11
1732,2018-10-07 00:20:00,11
1733,2018-10-07 00:25:00,11
1734,2018-10-07 00:30:00,11
1735,2018-10-07 00:35:00,11
1736,2018-10-07 00:40:00,11
1737,2018-10-07 00:45:00,11
1738,2018-10-07 00:50:00,11
1739,2018-10-07 00:55:00,11
1740,2018-10-07 01:00:00,11
1741,2018-10-07 01:05:00,11
1742,2018-10-07 01:10:00,11
1743,2018-10-07 01:15:00,11
1744,2018-10-07 01:20:00,11
1745,2018-10-07 01:25:00,11
1746,2018-10-07 01:30:00,11
1747,2018-10-07 01:35:00,11
1748,2018-10-07 01:40:00,11
1749,2018-10-07 01:45:00,11
1750,2018-10-07 01:50:00,11
1751,2018-10-07 01:55:00,11
1752,2018-10-07 02:00:00,11
1753,2018-10-07 02:05:00,11
1754,2018-10-07 02:10:00,11
1755,2018-10-07 02:15:00,11
1756,2018-10-07 02:20:00,11
1757,2018-10-07 02:25:00,11
1758,2018-10-07 02:30:00,11
1759,2018-10-07 02:35:00,11
1760,2018-10-07 02:40:00,11
1761,2018-10-07 02:45:00,11
1762,2018-10-07 02:50:00,11
1763,2018-10-07 02:55:00,11
1764,2018-10-07 03:00:00,11
1765,2018-10-07 03:05:00,11
1766,2018-10-07 03:10:00,11
1767,2018-10-07 03:15:00,11
1768,2018-10-07 03:20:00,11
1769,2018-10-07 03:25:00,11
1770,2018-10-07 03:30:00,11
1771,2018-10-07 03:35:00,11
1772,2018-10-07 03:40:00,11
1773,2018-10-07 03:45:00,11
1774,2018-10-07 03:50:00,11
1775,2018-10-07 03:55:00,11
1776,2018-10-07 04:00:00,11
1777,2018-10-07 04:05:00,11
1778,2018-10-07 04:10:00,11
1779,2018-10-07 04:15:00,11
1780,2018-10-07 04:20:00,11
1781,2018-10-07 04:25:00,11
1782,2018-10-07 04:30:00,11
1783,2018-10-07 04:35:00,11
1784,2018-10-07 04:40:00,11
1785,2018-10-07 04:45:00,11
1786,2018-10-07 04:50:00,11
1787,2018-10-07 04:55:00,11
1788,2018-10-07 05:00:00,11
1789,2018-10-07 05:05:00,11
1790,2018-10-07 05:10:00,11
1791,2018-10-07 05:15:00,11
1792,2018-10-07 05:20:00,11
1793,2018-10-07 05:25:00,11
1794,2018-10-07 05:30:00,11
1795,2018-10-07 05:35:00,11
1796,2018-10-07 05:40:00,11
1797,2018-10-07 05:45:00,11
1798,2018-10-07 05:50:00,11
1799,2018-10-07 05:55:00,11
1800,2018-10-07 06:00:00,11
1801,2018-10-07 06:05:00,11
1802,2018-10-07 06:10:00,11
1803,2018-10-07 06:15:00,11
1804,2018-10-07 06:20:00,11
1805,2018-10-07 06:25:00,11
1806,2018-10-07 06:30:00,11
1807,2018-10-07 06:35:00,11
1808,2018-10-07 06:40:00,11
1809,2018-10-07 06:45:00,11
1810,2018-10-07 06:50:00,11
1811,2018-10-07 06:55:00,11
1812,2018-10-07 07:00:00,11
1813,2018-10-07 07:05:00,11
1814,2018-10-07 07:10:00,11
1815,2018-10-07 07:15:00,11
1816,2018-10-07 07:20:00,11
1817,2018-10-07 07:25:00,11
1818,2018-10-07 07:30:00,11
1819,2018-10-07 07:35:00,11
1820,2018-10-07 07:40:00,11
1821,2018-10-07 07:45:00,11
1822,2018-10-07 07:50:00,11
1823,2018-10-07 07:55:00,11
1824,2018-10-07 08:00:00,11
1825,2018-10-07 08:05:00,11
1826,2018-10-07 08:10:00,11
1827,2018-10-07 08:15:00,11
1828,2018-10-07 08:20:00,11
1829,2018-10-07 08:25:00,11
1830,2018-10-07 08:30:00,11
1831,2018-10-07 08:35:00,11
1832,2018-10-07 08:40:00,11
1833,2018-10-07 08:45:00,11
1834,2018-10-07 08:50:00,11
1835,2018-10-07 08:55:00,11
1836,2018-10-07 09:00:00,11
1837,2018-10-07 09:05:00,11
1838,2018-10-07 09:10:00,11
1839,2018-10-07 09:15:00,11
1840,2018-10-07 09:20:00,11
1841,2018-10-07 09:25:00,11
1842,2018-10-07 09:30:00,11
1843,2018-10-07 09:35:00,11
1844,2018-10-07 09:40:00,11
1845,2018-10-07 09:45:00,11
1846,2018-10-07 09:50:00,9
1847,2018-10-07 09:55:00,9
1848,2018-10-07 10:00:00,9
1849,2018-10-07 10:05:00,9
1850,2018-10-07 10:10:00,9
1851,2018-10-07 10:15:00,9
1852,2018-10-07 10:20:00,9
1853,2018-10-07 10:25:00,9
1854,2018-10-07 10:30:00,9
1855,2018-10-07 10:35:00,9
1856,2018-10-07 10:40:00,9
1857,2018-10-07 10:45:00,9
1858,2018-10-07 10:50:00,9
1859,2018-10-07 10:55:00,9
1860,2018-10-07 11:00:00,9
1861,2018-10-07 11:05:00,9
1862,2018-10-07 11:10:00,9
1863,2018-10-07 11:15:00,9
1864,2018-10-07 11:20:00,9
1865,2018-10-07 11:25:00,9
1866,2018-10-07 11:30:00,9
1867,2018-10-07 11:35:00,9
1868,2018-10-07 11:40:00,9
1869,2018-10-07 11:45:00,9
1870,2018-10-07 11:50:00,9
1871,2018-10-07 11:55:00,9
1872,2018-10-07 12:00:00,9
1873,2018-10-07 12:05:00,9
1874,2018-10-07 12:10:00,9
1875,2018-10-07 12:15:00,9
1876,2018-10-07 12:20:00,9
1877,2018-10-07 12:25:00,9
1878,2018-10-07 12:30:00,9
1879,2018-10-07 12:35:00,9
1880,2018-10-07 12:40:00,9
1881,2018-10-07 12:45:00,9
1882,2018-10-07 12:50:00,9
1883,2018-10-07 12:55:00,9
1884,2018-10-07 13:00:00,9
1885,2018-10-07 13:05:00,9
1886,2018-10-07 13:10:00,9
1887,2018-10-07 13:15:00,9
1888,2018-10-07 13:20:00,9
1889,2018-10-07 13:25:00,9
1890,2018-10-07 13:30:00,9
1891,2018-10-07 13:35:00,9
1892,2018-10-07 13:40:00,9
1893,2018-10-07 13:45:00,9
1894,2018-10-07 13:50:00,9
1895,2018-10-07 13:55:00,9
1896,2018-10-07 14:00:00,9
1897,2018-10-07 14:05:00,9
1898,2018-10-07 14:10:00,9
1899,2018-10-07 14:15:00,9
1900,2018-10-07 14:20:00,9
1901,2018-10-07 14:25:00,9
1902,2018-10-07 14:30:00,9
1903,2018-10-07 14:35:00,9
1904,2018-10-07 14:40:00,9
1905,2018-10-07 14:45:00,9
1906,2018-10-07 14:50:00,9
1907,2018-10-07 14:55:00,9
1908,2018-10-07 15:00:00,9
1909,2018-10-07 15:05:00,9
1910,2018-10-07 15:10:00,9
1911,2018-10-07 15:15:00,9
1912,2018-10-07 15:20:00,9
1913,2018-10-07 15:25:00,9
1914,2018-10-07 15:30:00,9
1915,2018-10-07 15:35:00,9
1916,2018-10-07 15:40:00,9
1917,2018-10-07 15:45:00,9
1918,2018-10-07 15:50:00,9
1919,2018-10-07 15:55:00,9
1920,2018-10-07 16:00:00,9
1921,2018-10-07 16:05:00,9
1922,2018-10-07 16:10:00,9
1923,2018-10-07 16:15:00,9
1924,2018-10-07 16:20:00,9
1925,2018-10-07 16:25:00,9
1926,2018-10-07 16:30:00,9
1927,2018-10-07 16:35:00,9
1928,2018-10-07 16:40:00,9
1929,2018-10-07 16:45:00,9
1930,2018-10-07 16:50:00,9
1931,2018-10-07 16:55:00,9
1932,2018-10-07 17:00:00,9
1933,2018-10-07 17:05:00,9
1934,2018-10-07 17:10:00,9
1935,2018-10-07 17:15:00,4
1936,2018-10-07 17:20:00,4
1937,2018-10-07 17:25:00,4
1938,2018-10-07 17:30:00,1
1939,2018-10-07 17:35:00,1
1940,2018-10-07 17:40:00,1
1941,2018-10-07 17:45:00,1
1942,2018-10-07 17:50:00,1
1943,2018-10-07 17:55:00,1
1944,2018-10-07 18:00:00,1
1945,2018-10-07 18:05:00,1
1946,2018-10-07 18:10:00,1
1947,2018-10-07 18:15:00,1
1948,2018-10-07 18:20:00,1
1949,2018-10-07 18:25:00,1
1950,2018-10-07 18:30:00,1
1951,2018-10-07 18:35:00,1
1952,2018-10-07 18:40:00,1
1953,2018-10-07 18:45:00,1
1954,2018-10-07 18:50:00,1
1955,2018-10-07 18:55:00,1
1956,2018-10-07 19:00:00,1
1957,2018-10-07 19:05:00,1
1958,2018-10-07 19:10:00,1
1959,2018-10-07 19:15:00,1
1960,2018-10-07 19:20:00,6
1961,2018-10-07 19:25:00,6
1962,2018-10-07 19:30:00,6
1963,2018-10-07 19:35:00,6
1964,2018-10-07 19:40:00,6
1965,2018-10-07 19:45:00,1
1966,2018-10-07 19:50:00,1
1967,2018-10-07 19:55:00,1
1968,2018-10-07 20:00:00,1
1969,2018-10-07 20:05:00,1
1970,2018-10-07 20:10:00,4
1971,2018-10-07 20:15:00,4
1972,2018-10-07 20:20:00,4
1973,2018-10-07 20:25:00,4
1974,2018-10-07 20:30:00,4
1975,2018-10-07 20:35:00,4
1976,2018-10-07 20:40:00,4
1977,2018-10-07 20:45:00,4
1978,2018-10-07 20:50:00,4
1979,2018-10-07 20:55:00,4
1980,2018-10-07 21:00:00,19
1981,2018-10-07 21:05:00,19
1982,2018-10-07 21:10:00,19
1983,2018-10-07 21:15:00,19
1984,2018-10-07 21:20:00,19
1985,2018-10-07 21:25:00,19
1986,2018-10-07 21:30:00,4
1987,2018-10-07 21:35:00,19
1988,2018-10-07 21:40:00,19
1989,2018-10-07 21:45:00,4
1990,2018-10-07 21:50:00,4
1991,2018-10-07 21:55:00,4
1992,2018-10-07 22:00:00,4
1993,2018-10-07 22:05:00,4
1994,2018-10-07 22:10:00,4
1995,2018-10-07 22:15:00,4
1996,2018-10-07 22:20:00,4
1997,2018-10-07 22:25:00,4
1998,2018-10-07 22:30:00,4
1999,2018-10-07 22:35:00,4
2000,2018-10-07 22:40:00,4
2001,2018-10-07 22:45:00,4
2002,2018-10-07 22:50:00,4
2003,2018-10-07 22:55:00,4
2004,2018-10-07 23:00:00,4
2005,2018-10-07 23:05:00,4
2006,2018-10-07 23:10:00,4
2007,2018-10-07 23:15:00,4
2008,2018-10-07 23:20:00,4
2009,2018-10-07 23:25:00,4
2010,2018-10-07 23:30:00,4
2011,2018-10-07 23:35:00,4
2012,2018-10-07 23:40:00,4
2013,2018-10-07 23:45:00,4
2014,2018-10-07 23:50:00,4
2015,2018-10-07 23:55:00,4
2016,2018-10-08 00:00:00,4
2017,2018-10-08 00:05:00,4
2018,2018-10-08 00:10:00,4
2019,2018-10-08 00:15:00,4
2020,2018-10-08 00:20:00,4
2021,2018-10-08 00:25:00,4
2022,2018-10-08 00:30:00,4
2023,2018-10-08 00:35:00,4
2024,2018-10-08 00:40:00,4
2025,2018-10-08 00:45:00,4
2026,2018-10-08 00:50:00,4
2027,2018-10-08 00:55:00,4
2028,2018-10-08 01:00:00,4
2029,2018-10-08 01:05:00,4
2030,2018-10-08 01:10:00,4
2031,2018-10-08 01:15:00,4
2032,2018-10-08 01:20:00,4
2033,2018-10-08 01:25:00,4
2034,2018-10-08 01:30:00,4
2035,2018-10-08 01:35:00,4
2036,2018-10-08 01:40:00,4
2037,2018-10-08 01:45:00,4
2038,2018-10-08 01:50:00,4
2039,2018-10-08 01:55:00,4
2040,2018-10-08 02:00:00,4
2041,2018-10-08 02:05:00,4
2042,2018-10-08 02:10:00,4
2043,2018-10-08 02:15:00,4
2044,2018-10-08 02:20:00,4
2045,2018-10-08 02:25:00,4
2046,2018-10-08 02:30:00,4
2047,2018-10-08 02:35:00,4
2048,2018-10-08 02:40:00,4
2049,2018-10-08 02:45:00,4
2050,2018-10-08 02:50:00,4
2051,2018-10-08 02:55:00,4
2052,2018-10-08 03:00:00,4
2053,2018-10-08 03:05:00,4
2054,2018-10-08 03:10:00,4
2055,2018-10-08 03:15:00,4
2056,2018-10-08 03:20:00,4
2057,2018-10-08 03:25:00,4
2058,2018-10-08 03:30:00,4
2059,2018-10-08 03:35:00,4
2060,2018-10-08 03:40:00,4
2061,2018-10-08 03:45:00,4
2062,2018-10-08 03:50:00,4
2063,2018-10-08 03:55:00,4
2064,2018-10-08 04:00:00,4
2065,2018-10-08 04:05:00,4
2066,2018-10-08 04:10:00,4
2067,2018-10-08 04:15:00,4
2068,2018-10-08 04:20:00,4
2069,2018-10-08 04:25:00,4
2070,2018-10-08 04:30:00,4
2071,2018-10-08 04:35:00,4
2072,2018-10-08 04:40:00,4
2073,2018-10-08 04:45:00,4
2074,2018-10-08 04:50:00,4
2075,2018-10-08 04:55:00,4
2076,2018-10-08 05:00:00,4
2077,2018-10-08 05:05:00,4
2078,2018-10-08 05:10:00,4
2079,2018-10-08 05:15:00,4
2080,2018-10-08 05:20:00,4
2081,2018-10-08 05:25:00,4
2082,2018-10-08 05:30:00,4
2083,2018-10-08 05:35:00,4
2084,2018-10-08 05:40:00,4
2085,2018-10-08 05:45:00,4
2086,2018-10-08 05:50:00,4
2087,2018-10-08 05:55:00,4
2088,2018-10-08 06:00:00,4
2089,2018-10-08 06:05:00,4
2090,2018-10-08 06:10:00,19
2091,2018-10-08 06:15:00,4
2092,2018-10-08 06:20:00,4
2093,2018-10-08 06:25:00,14
2094,2018-10-08 06:30:00,14
2095,2018-10-08 06:35:00,14
2096,2018-10-08 06:40:00,14
2097,2018-10-08 06:45:00,19
2098,2018-10-08 06:50:00,19
2099,2018-10-08 06:55:00,19
2100,2018-10-08 07:00:00,19
2101,2018-10-08 07:05:00,19
2102,2018-10-08 07:10:00,19
2103,2018-10-08 07:15:00,19
2104,2018-10-08 07:20:00,4
2105,2018-10-08 07:25:00,19
2106,2018-10-08 07:30:00,19
2107,2018-10-08 07:35:00,19
2108,2018-10-08 07:40:00,19
2109,2018-10-08 07:45:00,19
2110,2018-10-08 07:50:00,19
2111,2018-10-08 07:55:00,19
2112,2018-10-08 08:00:00,19
2113,2018-10-08 08:05:00,4
2114,2018-10-08 08:10:00,4
2115,2018-10-08 08:15:00,4
2116,2018-10-08 08:20:00,4
2117,2018-10-08 08:25:00,4
2118,2018-10-08 08:30:00,19
2119,2018-10-08 08:35:00,19
2120,2018-10-08 08:40:00,19
2121,2018-10-08 08:45:00,19
2122,2018-10-08 08:50:00,19
2123,2018-10-08 08:55:00,19
2124,2018-10-08 09:00:00,19
2125,2018-10-08 09:05:00,19
2126,2018-10-08 09:10:00,4
2127,2018-10-08 09:15:00,4
2128,2018-10-08 09:20:00,4
2129,2018-10-08 09:25:00,4
2130,2018-10-08 09:30:00,4
2131,2018-10-08 09:35:00,4
2132,2018-10-08 09:40:00,4
2133,2018-10-08 09:45:00,4
2134,2018-10-08 09:50:00,4
2135,2018-10-08 09:55:00,4
2136,2018-10-08 10:00:00,19
2137,2018-10-08 10:05:00,19
2138,2018-10-08 10:10:00,19
2139,2018-10-08 10:15:00,19
2140,2018-10-08 10:20:00,19
2141,2018-10-08 10:25:00,19
2142,2018-10-08 10:30:00,19
2143,2018-10-08 10:35:00,19
2144,2018-10-08 10:40:00,19
2145,2018-10-08 10:45:00,19
2146,2018-10-08 10:50:00,19
2147,2018-10-08 10:55:00,19
2148,2018-10-08 11:00:00,19
2149,2018-10-08 11:05:00,19
2150,2018-10-08 11:10:00,19
2151,2018-10-08 11:15:00,19
2152,2018-10-08 11:20:00,19
2153,2018-10-08 11:25:00,19
2154,2018-10-08 11:30:00,19
2155,2018-10-08 11:35:00,19
2156,2018-10-08 11:40:00,19
2157,2018-10-08 11:45:00,19
2158,2018-10-08 11:50:00,19
2159,2018-10-08 11:55:00,19
2160,2018-10-08 12:00:00,19
2161,2018-10-08 12:05:00,19
2162,2018-10-08 12:10:00,19
2163,2018-10-08 12:15:00,19
2164,2018-10-08 12:20:00,19
2165,2018-10-08 12:25:00,19
2166,2018-10-08 12:30:00,19
2167,2018-10-08 12:35:00,19
2168,2018-10-08 12:40:00,19
2169,2018-10-08 12:45:00,19
2170,2018-10-08 12:50:00,19
2171,2018-10-08 12:55:00,19
2172,2018-10-08 13:00:00,19
2173,2018-10-08 13:05:00,19
2174,2018-10-08 13:10:00,19
2175,2018-10-08 13:15:00,19
2176,2018-10-08 13:20:00,19
2177,2018-10-08 13:25:00,19
2178,2018-10-08 13:30:00,19
2179,2018-10-08 13:35:00,19
2180,2018-10-08 13:40:00,19
2181,2018-10-08 13:45:00,19
2182,2018-10-08 13:50:00,19
2183,2018-10-08 13:55:00,19
2184,2018-10-08 14:00:00,19
2185,2018-10-08 14:05:00,14
2186,2018-10-08 14:10:00,14
2187,2018-10-08 14:15:00,14
2188,2018-10-08 14:20:00,14
2189,2018-10-08 14:25:00,14
2190,2018-10-08 14:30:00,14
2191,2018-10-08 14:35:00,14
2192,2018-10-08 14:40:00,14
2193,2018-10-08 14:45:00,14
2194,2018-10-08 14:50:00,6
2195,2018-10-08 14:55:00,6
2196,2018-10-08 15:00:00,6
2197,2018-10-08 15:05:00,6
2198,2018-10-08 15:10:00,6
2199,2018-10-08 15:15:00,6
2200,2018-10-08 15:20:00,6
2201,2018-10-08 15:25:00,6
2202,2018-10-08 15:30:00,6
2203,2018-10-08 15:35:00,6
2204,2018-10-08 15:40:00,6
2205,2018-10-08 15:45:00,6
2206,2018-10-08 15:50:00,6
2207,2018-10-08 15:55:00,7
2208,2018-10-08 16:00:00,7
2209,2018-10-08 16:05:00,7
2210,2018-10-08 16:10:00,7
2211,2018-10-08 16:15:00,7
2212,2018-10-08 16:20:00,7
2213,2018-10-08 16:25:00,7
2214,2018-10-08 16:30:00,18
2215,2018-10-08 16:35:00,18
2216,2018-10-08 16:40:00,0
2217,2018-10-08 16:45:00,0
2218,2018-10-08 16:50:00,18
2219,2018-10-08 16:55:00,0
2220,2018-10-08 17:00:00,18
2221,2018-10-08 17:05:00,0
2222,2018-10-08 17:10:00,0
2223,2018-10-08 17:15:00,0
2224,2018-10-08 17:20:00,0
2225,2018-10-08 17:25:00,0
2226,2018-10-08 17:30:00,0
2227,2018-10-08 17:35:00,0
2228,2018-10-08 17:40:00,0
2229,2018-10-08 17:45:00,10
2230,2018-10-08 17:50:00,10
2231,2018-10-08 17:55:00,10
2232,2018-10-08 18:00:00,10
2233,2018-10-08 18:05:00,10
2234,2018-10-08 18:10:00,10
2235,2018-10-08 18:15:00,5
2236,2018-10-08 18:20:00,5
2237,2018-10-08 18:25:00,10
2238,2018-10-08 18:30:00,10
2239,2018-10-08 18:35:00,5
2240,2018-10-08 18:40:00,5
2241,2018-10-08 18:45:00,5
2242,2018-10-08 18:50:00,5
2243,2018-10-08 18:55:00,5
2244,2018-10-08 19:00:00,10
2245,2018-10-08 19:05:00,18
2246,2018-10-08 19:10:00,18
2247,2018-10-08 19:15:00,18
2248,2018-10-08 19:20:00,18
2249,2018-10-08 19:25:00,18
2250,2018-10-08 19:30:00,7
2251,2018-10-08 19:35:00,7
2252,2018-10-08 19:40:00,7
2253,2018-10-08 19:45:00,7
2254,2018-10-08 19:50:00,7
2255,2018-10-08 19:55:00,7
2256,2018-10-08 20:00:00,7
2257,2018-10-08 20:05:00,7
2258,2018-10-08 20:10:00,7
2259,2018-10-08 20:15:00,6
2260,2018-10-08 20:20:00,6
2261,2018-10-08 20:25:00,6
2262,2018-10-08 20:30:00,6
2263,2018-10-08 20:35:00,6
2264,2018-10-08 20:40:00,6
2265,2018-10-08 20:45:00,6
2266,2018-10-08 20:50:00,6
2267,2018-10-08 20:55:00,6
2268,2018-10-08 21:00:00,6
2269,2018-10-08 21:05:00,6
2270,2018-10-08 21:10:00,6
2271,2018-10-08 21:15:00,1
2272,2018-10-08 21:20:00,1
2273,2018-10-08 21:25:00,1
2274,2018-10-08 21:30:00,1
2275,2018-10-08 21:35:00,1
2276,2018-10-08 21:40:00,1
2277,2018-10-08 21:45:00,1
2278,2018-10-08 21:50:00,1
2279,2018-10-08 21:55:00,1
2280,2018-10-08 22:00:00,1
2281,2018-10-08 22:05:00,1
2282,2018-10-08 22:10:00,1
2283,2018-10-08 22:15:00,1
2284,2018-10-08 22:20:00,1
2285,2018-10-08 22:25:00,1
2286,2018-10-08 22:30:00,1
2287,2018-10-08 22:35:00,1
2288,2018-10-08 22:40:00,1
2289,2018-10-08 22:45:00,1
2290,2018-10-08 22:50:00,1
2291,2018-10-08 22:55:00,1
2292,2018-10-08 23:00:00,1
2293,2018-10-08 23:05:00,1
2294,2018-10-08 23:10:00,1
2295,2018-10-08 23:15:00,1
2296,2018-10-08 23:20:00,1
2297,2018-10-08 23:25:00,1
2298,2018-10-08 23:30:00,1
2299,2018-10-08 23:35:00,1
2300,2018-10-08 23:40:00,1
2301,2018-10-08 23:45:00,1
2302,2018-10-08 23:50:00,1
2303,2018-10-08 23:55:00,1
2304,2018-10-09 00:00:00,1
2305,2018-10-09 00:05:00,1
2306,2018-10-09 00:10:00,1
2307,2018-10-09 00:15:00,1
2308,2018-10-09 00:20:00,4
2309,2018-10-09 00:25:00,4
2310,2018-10-09 00:30:00,4
2311,2018-10-09 00:35:00,4
2312,2018-10-09 00:40:00,4
2313,2018-10-09 00:45:00,4
2314,2018-10-09 00:50:00,4
2315,2018-10-09 00:55:00,4
2316,2018-10-09 01:00:00,4
2317,2018-10-09 01:05:00,4
2318,2018-10-09 01:10:00,4
2319,2018-10-09 01:15:00,4
2320,2018-10-09 01:20:00,4
2321,2018-10-09 01:25:00,4
2322,2018-10-09 01:30:00,4
2323,2018-10-09 01:35:00,4
2324,2018-10-09 01:40:00,4
2325,2018-10-09 01:45:00,4
2326,2018-10-09 01:50:00,4
2327,2018-10-09 01:55:00,4
2328,2018-10-09 02:00:00,1
2329,2018-10-09 02:05:00,4
2330,2018-10-09 02:10:00,4
2331,2018-10-09 02:15:00,4
2332,2018-10-09 02:20:00,4
2333,2018-10-09 02:25:00,4
2334,2018-10-09 02:30:00,4
2335,2018-10-09 02:35:00,4
2336,2018-10-09 02:40:00,4
2337,2018-10-09 02:45:00,4
2338,2018-10-09 02:50:00,4
2339,2018-10-09 02:55:00,4
2340,2018-10-09 03:00:00,4
2341,2018-10-09 03:05:00,4
2342,2018-10-09 03:10:00,4
2343,2018-10-09 03:15:00,4
2344,2018-10-09 03:20:00,4
2345,2018-10-09 03:25:00,4
2346,2018-10-09 03:30:00,4
2347,2018-10-09 03:35:00,4
2348,2018-10-09 03:40:00,4
2349,2018-10-09 03:45:00,4
2350,2018-10-09 03:50:00,4
2351,2018-10-09 03:55:00,4
2352,2018-10-09 04:00:00,4
2353,2018-10-09 04:05:00,4
2354,2018-10-09 04:10:00,4
2355,2018-10-09 04:15:00,4
2356,2018-10-09 04:20:00,4
2357,2018-10-09 04:25:00,4
2358,2018-10-09 04:30:00,4
2359,2018-10-09 04:35:00,19
2360,2018-10-09 04:40:00,1
2361,2018-10-09 04:45:00,1
2362,2018-10-09 04:50:00,1
2363,2018-10-09 04:55:00,1
2364,2018-10-09 05:00:00,1
2365,2018-10-09 05:05:00,1
2366,2018-10-09 05:10:00,4
2367,2018-10-09 05:15:00,4
2368,2018-10-09 05:20:00,1
2369,2018-10-09 05:25:00,1
2370,2018-10-09 05:30:00,4
2371,2018-10-09 05:35:00,4
2372,2018-10-09 05:40:00,4
2373,2018-10-09 05:45:00,4
2374,2018-10-09 05:50:00,4
2375,2018-10-09 05:55:00,4
2376,2018-10-09 06:00:00,4
2377,2018-10-09 06:05:00,4
2378,2018-10-09 06:10:00,4
2379,2018-10-09 06:15:00,4
2380,2018-10-09 06:20:00,4
2381,2018-10-09 06:25:00,4
2382,2018-10-09 06:30:00,4
2383,2018-10-09 06:35:00,4
2384,2018-10-09 06:40:00,4
2385,2018-10-09 06:45:00,4
2386,2018-10-09 06:50:00,4
2387,2018-10-09 06:55:00,1
2388,2018-10-09 07:00:00,1
2389,2018-10-09 07:05:00,1
2390,2018-10-09 07:10:00,1
2391,2018-10-09 07:15:00,1
2392,2018-10-09 07:20:00,1
2393,2018-10-09 07:25:00,1
2394,2018-10-09 07:30:00,1
2395,2018-10-09 07:35:00,1
2396,2018-10-09 07:40:00,4
2397,2018-10-09 07:45:00,4
2398,2018-10-09 07:50:00,4
2399,2018-10-09 07:55:00,4
2400,2018-10-09 08:00:00,4
2401,2018-10-09 08:05:00,4
2402,2018-10-09 08:10:00,4
2403,2018-10-09 08:15:00,4
2404,2018-10-09 08:20:00,4
2405,2018-10-09 08:25:00,4
2406,2018-10-09 08:30:00,4
2407,2018-10-09 08:35:00,4
2408,2018-10-09 08:40:00,4
2409,2018-10-09 08:45:00,4
2410,2018-10-09 08:50:00,4
2411,2018-10-09 08:55:00,4
2412,2018-10-09 09:00:00,4
2413,2018-10-09 09:05:00,4
2414,2018-10-09 09:10:00,4
2415,2018-10-09 09:15:00,4
2416,2018-10-09 09:20:00,4
2417,2018-10-09 09:25:00,4
2418,2018-10-09 09:30:00,4
2419,2018-10-09 09:35:00,4
2420,2018-10-09 09:40:00,4
2421,2018-10-09 09:45:00,4
2422,2018-10-09 09:50:00,4
2423,2018-10-09 09:55:00,4
2424,2018-10-09 10:00:00,4
2425,2018-10-09 10:05:00,4
2426,2018-10-09 10:10:00,4
2427,2018-10-09 10:15:00,4
2428,2018-10-09 10:20:00,4
2429,2018-10-09 10:25:00,4
2430,2018-10-09 10:30:00,4
2431,2018-10-09 10:35:00,4
2432,2018-10-09 10:40:00,4
2433,2018-10-09 10:45:00,4
2434,2018-10-09 10:50:00,4
2435,2018-10-09 10:55:00,4
2436,2018-10-09 11:00:00,4
2437,2018-10-09 11:05:00,4
2438,2018-10-09 11:10:00,4
2439,2018-10-09 11:15:00,4
2440,2018-10-09 11:20:00,4
2441,2018-10-09 11:25:00,4
2442,2018-10-09 11:30:00,4
2443,2018-10-09 11:35:00,4
2444,2018-10-09 11:40:00,4
2445,2018-10-09 11:45:00,4
2446,2018-10-09 11:50:00,4
2447,2018-10-09 11:55:00,4
2448,2018-10-09 12:00:00,4
2449,2018-10-09 12:05:00,4
2450,2018-10-09 12:10:00,4
2451,2018-10-09 12:15:00,4
2452,2018-10-09 12:20:00,4
2453,2018-10-09 12:25:00,4
2454,2018-10-09 12:30:00,4
2455,2018-10-09 12:35:00,4
2456,2018-10-09 12:40:00,4
2457,2018-10-09 12:45:00,4
2458,2018-10-09 12:50:00,4
2459,2018-10-09 12:55:00,4
2460,2018-10-09 13:00:00,4
2461,2018-10-09 13:05:00,4
2462,2018-10-09 13:10:00,4
2463,2018-10-09 13:15:00,4
2464,2018-10-09 13:20:00,4
2465,2018-10-09 13:25:00,4
2466,2018-10-09 13:30:00,4
2467,2018-10-09 13:35:00,4
2468,2018-10-09 13:40:00,4
2469,2018-10-09 13:45:00,4
2470,2018-10-09 13:50:00,4
2471,2018-10-09 13:55:00,4
2472,2018-10-09 14:00:00,4
2473,2018-10-09 14:05:00,19
2474,2018-10-09 14:10:00,19
2475,2018-10-09 14:15:00,19
2476,2018-10-09 14:20:00,19
2477,2018-10-09 14:25:00,19
2478,2018-10-09 14:30:00,19
2479,2018-10-09 14:35:00,19
2480,2018-10-09 14:40:00,19
2481,2018-10-09 14:45:00,19
2482,2018-10-09 14:50:00,19
2483,2018-10-09 14:55:00,19
2484,2018-10-09 15:00:00,19
2485,2018-10-09 15:05:00,19
2486,2018-10-09 15:10:00,19
2487,2018-10-09 15:15:00,19
2488,2018-10-09 15:20:00,19
2489,2018-10-09 15:25:00,19
2490,2018-10-09 15:30:00,19
2491,2018-10-09 15:35:00,6
2492,2018-10-09 15:40:00,6
2493,2018-10-09 15:45:00,6
2494,2018-10-09 15:50:00,6
2495,2018-10-09 15:55:00,6
2496,2018-10-09 16:00:00,6
2497,2018-10-09 16:05:00,6
2498,2018-10-09 16:10:00,6
2499,2018-10-09 16:15:00,14
2500,2018-10-09 16:20:00,14
2501,2018-10-09 16:25:00,14
2502,2018-10-09 16:30:00,14
2503,2018-10-09 16:35:00,14
2504,2018-10-09 16:40:00,6
2505,2018-10-09 16:45:00,6
2506,2018-10-09 16:50:00,6
2507,2018-10-09 16:55:00,6
2508,2018-10-09 17:00:00,6
2509,2018-10-09 17:05:00,6
2510,2018-10-09 17:10:00,6
2511,2018-10-09 17:15:00,6
2512,2018-10-09 17:20:00,6
2513,2018-10-09 17:25:00,6
2514,2018-10-09 17:30:00,6
2515,2018-10-09 17:35:00,6
2516,2018-10-09 17:40:00,6
2517,2018-10-09 17:45:00,6
2518,2018-10-09 17:50:00,6
2519,2018-10-09 17:55:00,6
2520,2018-10-09 18:00:00,6
2521,2018-10-09 18:05:00,6
2522,2018-10-09 18:10:00,6
2523,2018-10-09 18:15:00,6
2524,2018-10-09 18:20:00,6
2525,2018-10-09 18:25:00,6
2526,2018-10-09 18:30:00,6
2527,2018-10-09 18:35:00,6
2528,2018-10-09 18:40:00,6
2529,2018-10-09 18:45:00,6
2530,2018-10-09 18:50:00,6
2531,2018-10-09 18:55:00,6
2532,2018-10-09 19:00:00,6
2533,2018-10-09 19:05:00,6
2534,2018-10-09 19:10:00,6
2535,2018-10-09 19:15:00,6
2536,2018-10-09 19:20:00,6
2537,2018-10-09 19:25:00,3
2538,2018-10-09 19:30:00,3
2539,2018-10-09 19:35:00,6
2540,2018-10-09 19:40:00,3
2541,2018-10-09 19:45:00,3
2542,2018-10-09 19:50:00,3
2543,2018-10-09 19:55:00,3
2544,2018-10-09 20:00:00,3
2545,2018-10-09 20:05:00,3
2546,2018-10-09 20:10:00,16
2547,2018-10-09 20:15:00,3
2548,2018-10-09 20:20:00,16
2549,2018-10-09 20:25:00,16
2550,2018-10-09 20:30:00,16
2551,2018-10-09 20:35:00,3
2552,2018-10-09 20:40:00,3
2553,2018-10-09 20:45:00,3
2554,2018-10-09 20:50:00,3
2555,2018-10-09 20:55:00,3
2556,2018-10-09 21:00:00,3
2557,2018-10-09 21:05:00,3
2558,2018-10-09 21:10:00,3
2559,2018-10-09 21:15:00,3
2560,2018-10-09 21:20:00,3
2561,2018-10-09 21:25:00,3
2562,2018-10-09 21:30:00,3
2563,2018-10-09 21:35:00,3
2564,2018-10-09 21:40:00,3
2565,2018-10-09 21:45:00,3
2566,2018-10-09 21:50:00,3
2567,2018-10-09 21:55:00,3
2568,2018-10-09 22:00:00,3
2569,2018-10-09 22:05:00,3
2570,2018-10-09 22:10:00,3
2571,2018-10-09 22:15:00,3
2572,2018-10-09 22:20:00,3
2573,2018-10-09 22:25:00,3
2574,2018-10-09 22:30:00,3
2575,2018-10-09 22:35:00,3
2576,2018-10-09 22:40:00,3
2577,2018-10-09 22:45:00,3
2578,2018-10-09 22:50:00,3
2579,2018-10-09 22:55:00,3
2580,2018-10-09 23:00:00,3
2581,2018-10-09 23:05:00,3
2582,2018-10-09 23:10:00,3
2583,2018-10-09 23:15:00,3
2584,2018-10-09 23:20:00,3
2585,2018-10-09 23:25:00,3
2586,2018-10-09 23:30:00,3
2587,2018-10-09 23:35:00,3
2588,2018-10-09 23:40:00,3
2589,2018-10-09 23:45:00,3
2590,2018-10-09 23:50:00,3
2591,2018-10-09 23:55:00,3
